latitude,longitude,accuracy_radius
-34.7825,138.6106,100
24.4798,118.0819,50
24.4798,118.0819,50
-33.494,143.2104,1000
23.1167,113.25,50
35.69,139.69,500
23.1167,113.25,50
34.3409,132.5311,50
34.3231,132.3117,50
35.6882,139.7532,5
34.35,132.3333,20
34.4586,132.463,20
34.4299,132.591,20
34.3401,132.4439,20
34.4524,132.4782,20
34.3721,132.3469,20
34.4299,132.591,20
35.4726,133.0679,5
35.424,133.3594,100
34.5337,133.6546,20
35.4,133.1167,100
35.5314,134.2118,5
35.4349,133.3587,20
34.6154,133.6852,200
34.6823,133.9235,5
35.5,134.2333,100
35.4119,133.8125,20
34.5298,133.739,20
35.5,134.2333,100
35.3667,132.7333,100
35.4333,133.3333,20
35.4498,133.0435,20
35.4333,133.8167,100
35.5417,134.1,50
34.65,133.9333,100
35.449,133.3551,100
35.5,134.2333,100
35.4498,133.0435,100
35.4436,133.0788,50
35.4215,133.2422,50
19.1,100.8167,1000
7.1988,100.5951,100
14.3738,100.5631,1000
14.8,100.6167,1000
14.3738,100.5631,1000
13.75,100.4667,500
13.6855,100.5003,1000
12.7833,101.65,100
13.75,100.4667,500
13.75,100.4667,500
9.1308,99.3628,100
9.1308,99.3628,100
9.9667,98.6333,100
9.1308,99.3628,100
9.1308,99.3628,100
13.75,100.4667,500
9.1308,99.3628,1000
13.75,100.4667,500
12.6667,101.2833,1000
13.7663,100.6503,1000
13.7663,100.6503,1000
12.2131,102.5776,1000
12.6667,101.2833,1000
13.75,100.4667,500
13.75,100.4667,500
23.1167,113.25,50
23.1167,113.25,50
23.1167,113.25,50
23.1167,113.25,50
23.1167,113.25,50
35.69,139.69,500
35.69,139.69,500
35.69,139.69,500
35.69,139.69,500
35.69,139.69,500
34.6497,135.4392,1000
34.6497,135.4392,1000
34.6497,135.4392,1000
34.6497,135.4392,1000
35.6882,139.7532,1000
34.6497,135.4392,1000
35.6882,139.7532,1000
34.6497,135.4392,1000
34.6497,135.4392,1000
35.6882,139.7532,1000
35.6882,139.7532,1000
34.6497,135.4392,1000
34.6497,135.4392,1000
35.6882,139.7532,1000
34.6497,135.4392,1000
35.6882,139.7532,1000
34.6497,135.4392,1000
34.6497,135.4392,1000
35.6882,139.7532,1000
34.6497,135.4392,1000
35.69,139.69,500
16.8833,101.8833,500
18.0167,103.2833,1000
17.4833,101.7167,1000
18.0501,103.3054,1000
18.0501,103.3054,1000
13.75,100.4667,500
17.4833,101.7167,1000
7.1988,100.5951,1000
17.4833,101.7167,1000
13.75,100.4667,500
13.75,100.4667,500
7.1988,100.5951,1000
13.75,100.4667,500
13.75,100.4667,500
13.75,100.4667,500
17.9794,100.0533,1000
13.6682,100.5805,1000
18.791,98.9782,1000
13.75,100.4667,500
14.1833,100.2833,1000
13.9333,100.75,1000
13.7594,100.4889,1000
13.9333,100.75,1000
13.75,100.4667,500
13.75,100.4667,500
17.4719,103.4583,50
16.1848,103.3007,1000
16.1848,103.3007,1000
16.1848,103.3007,1000
17.1336,102.9675,1000
16.295,102.6138,1000
17.4833,101.7167,1000
17.845,102.5842,100
16.3333,102.65,100
17.1336,102.9675,100
17.4833,101.7167,100
17.1336,102.9675,100
17.4064,103.2389,50
14.8818,103.4936,1000
13.75,100.4667,500
15.4167,102.9,1000
16.05,103.6667,1000
17.6333,103.7667,1000
17.4833,101.7167,1000
17.6333,103.7667,1000
13.75,100.4667,500
13.733,100.4865,1000
13.733,100.4865,1000
18.0501,103.3054,1000
24.4798,118.0819,50
39.9289,116.3883,50
37.751,-97.822,1000
34.7725,113.7266,50
24.4798,118.0819,50
24.4798,118.0819,50
34.7725,113.7266,50
23.1167,113.25,50
23.1167,113.25,50
23.1167,113.25,50
23.1167,113.25,50
23.1167,113.25,50
23.1167,113.25,50
18.0501,103.3054,500
17.4833,101.7167,500
17.4064,103.2389,500
17.6333,103.7667,100
17.4157,102.7859,100
17.4157,102.7859,100
17.4157,102.7859,100
16.7167,102.65,50
13.7086,100.4553,50
17.1336,102.9675,100
16.295,102.6138,1000
16.3167,103.3,1000
16.295,102.6138,1000
16.295,102.6138,1000
18.791,98.9782,1000
16.4433,101.1475,200
6.6819,101.2714,1000
13.75,100.4667,500
14.6167,103.0833,1000
13.75,100.4667,500
13.75,100.4667,500
13.75,100.4667,500
6.758,101.3775,1000
13.7594,100.4889,100
13.75,100.4667,500
16.8333,100.25,1000
16.0667,99.8667,1000
16.4333,100.3667,1000
13.75,100.4667,500
13.75,100.4667,500
15.4167,102.9,1000
15.5833,102.4167,1000
15.0598,102.2215,1000
13.75,100.4667,500
16.31,99.68,1000
13.75,100.4667,500
13.75,100.4667,500
12.7167,101.0667,1000
23.1167,113.25,50
-33.494,143.2104,1000
24.4798,118.0819,50
24.4798,118.0819,50
39.9289,116.3883,50
24.4798,118.0819,50
24.4798,118.0819,50
23.1167,113.25,50
23.1167,113.25,50
23.1167,113.25,50
23.1167,113.25,50
17.4833,101.7167,100
17.1336,102.9675,100
17.1336,102.9675,100
17.1336,102.9675,100
17.1336,102.9675,100
17.4833,101.7167,200
16.7,102.8667,1000
13.75,100.4667,500
18.0501,103.3054,1000
13.75,100.4667,500
13.75,100.4667,500
6.7031,101.6203,50
13.8167,100.75,10
13.7663,100.6503,10
13.754,100.5014,100
13.8167,100.75,10
13.7663,100.6503,20
13.8167,100.75,20
13.7167,100.7833,20
13.8167,100.75,20
13.8167,100.75,20
13.8594,100.4775,20
16.295,102.6138,100
16.4333,103.5,100
17.1336,102.9675,100
16.4333,103.5,100
13.7663,100.6503,1
13.7618,100.5324,100
13.7667,100.45,10
13.75,100.4667,500
13.75,100.4667,500
13.75,100.4667,500
13.733,100.4865,10
14.1833,100.2833,1000
14.1833,100.2833,1000
13.7594,100.4889,1000
13.8,100.5333,1000
13.75,100.4667,500
13.0694,100.0528,1000
13.8667,100.1917,1000
13.5167,99.9333,1000
13.8667,100.1917,1000
17.2833,101.15,50
13.75,100.4667,500
17.4833,101.7167,50
16.295,102.6138,100
16.295,102.6138,100
16.295,102.6138,100
17.4833,101.7167,100
9.1308,99.3628,100
9.9667,98.6333,1000
9.1167,99.2,200
35.69,139.69,500
12.9833,77.5833,500
18.5332,73.8626,500
18.9721,72.8246,500
12.9833,77.5833,500
20,77,1000
20,77,1000
20,77,1000
20,77,1000
19.2,72.9667,50
18.5332,73.8626,100
20,77,1000
22.65,88.3833,10
20,77,1000
13.0843,80.2805,200
18.9721,72.8246,100
20,77,1000
19.0368,73.0158,20
18.9721,72.8246,1
20,77,1000
22.572,88.367,1000
22.572,88.367,20
12.9833,77.5833,5
20,77,1000
20,77,1000
28.4666,77.0309,20
20,77,1000
20,77,1000
20,77,1000
18.9721,72.8246,20
20,77,1000
20,77,1000
39.9289,116.3883,50
3.0473,101.5712,20
3.0186,101.4286,20
3.1071,101.6139,10
3.0643,101.7543,20
3.11,101.5538,100
3.1365,101.6941,5
2.5,112.5,1000
3.109,101.5704,10
3.0947,101.6796,10
3.1684,101.7033,10
2.5,112.5,1000
3.144,101.5875,1000
3.144,101.5875,1000
3.144,101.5875,1000
3.1013,101.6915,1000
2.5,112.5,1000
3.1336,101.6675,5
3.1492,101.6951,1
5.3653,100.3067,100
6.0432,100.5221,50
5.7879,100.4719,50
3.5281,101.9763,200
5.3294,100.2907,100
4.5916,101.0967,100
5.3956,100.3111,5
6.0276,100.3989,100
2.5,112.5,1000
3.0081,101.7719,100
2.5,112.5,1000
2.5,112.5,1000
2.5,112.5,1000
3.7577,101.9827,50
2.8093,101.8334,20
2.2086,111.6,200
2.2086,111.6,200
1.562,110.3152,200
3.144,101.5875,10
3.1572,101.6695,10
3.144,101.5875,10
3.0833,101.5333,10
3.1013,101.6915,100
3.075,101.7382,10
3.0081,101.7719,50
3.1013,101.6915,10
3.0232,101.4621,1000
1.4484,103.5873,20
1.4656,103.9435,50
5.3344,100.4673,20
2.5,112.5,1000
4.317,100.7977,20
2.9881,101.6053,20
3.1296,101.6274,10
3.1093,101.6995,10
3.0081,101.7719,5
3.11,101.5538,10
3.1479,101.7008,20
2.2582,102.3555,200
2.2582,102.3555,200
2.7107,101.9513,200
1.6712,103.9725,200
1.6712,103.9725,200
1.6712,103.9725,200
1.6712,103.9725,200
1.6712,103.9725,200
2.9264,101.6964,1000
3.1479,101.7008,200
1.4655,103.7578,200
1.9226,103.4038,200
3.0232,101.4621,200
3.0833,101.5333,200
3.0232,101.4621,200
3.0232,101.4621,200
3.0384,101.7105,20
3.1833,101.6584,10
1.9226,103.4038,200
3.1419,101.6934,5
2.5,112.5,1000
3.5321,103.4619,1000
2.5,112.5,1000
4.3305,103.352,200
3.1189,101.6746,200
2.5,112.5,1000
3.0081,101.7719,20
3.1093,101.6995,10
3.12,101.5952,5
3.1065,101.6079,20
1.5243,103.824,10
2.7486,101.9435,5
3.1013,101.6915,10
5.6639,100.4902,100
2.0102,102.6981,200
5.9749,116.0724,1000
3.0384,101.7105,1000
5.9749,116.0724,1000
2.7724,101.9402,1000
3.1876,101.672,1000
5.9479,116.0827,1000
5.9479,116.0827,1000
2.2872,102.2759,1
2.5829,101.8402,500
2.691,101.989,50
1.6712,103.9725,200
3.1571,101.6019,50
3.0542,101.5949,200
2.5,112.5,1000
3.0833,101.5333,100
2.5,112.5,1000
2.5,112.5,1000
3.0643,101.7543,20
4.6114,101.1043,100
23.1167,113.25,50
24.4798,118.0819,50
-33.494,143.2104,1000
24.4798,118.0819,50
24.4798,118.0819,50
23.1167,113.25,50
23.1167,113.25,50
23.1167,113.25,50
13.7877,100.5068,100
13.7877,100.5068,100
13.7877,100.5068,100
13.754,100.5014,100
13.7663,100.6503,100
13.7877,100.5068,100
13.75,100.4667,500
13.75,100.4667,500
14.8,100.6167,1000
13.8594,100.4775,1000
13.7594,100.4889,1000
13.75,100.4667,500
8.6333,99.35,500
6.8021,100.6211,1000
14.1833,100.2833,50
9.1167,99.2,1000
9.1417,99.3313,1000
13.754,100.5014,1000
13.7594,100.4889,1000
13.7594,100.4889,1000
14.0435,100.6421,20
13.75,100.4667,500
13.75,100.4667,500
13.75,100.4667,500
17.0153,99.7078,20
13.7594,100.4889,50
13.7594,100.4889,50
13.7594,100.4889,50
13.7594,100.4889,50
13.7594,100.4889,50
13.8594,100.4775,50
13.7086,100.4553,20
13.8594,100.4775,1
13.7366,100.4995,1000
12.8,99.9667,1000
13.7366,100.4995,1000
13.7366,100.4995,1000
14.0167,100.1667,1000
14.8167,100.5167,50
14.3333,100.8667,50
14.8167,100.5167,50
13.7159,100.417,10
17.4833,101.7167,200
16.7,103.7667,200
17.1336,102.9675,100
15.6633,104.3067,100
13.75,100.4667,500
13.5033,102.1812,1000
16.1833,100.85,100
13.75,100.4667,500
18.2983,99.5072,100
13.7877,100.5068,100
8.0667,99.3,1000
13.75,100.4667,500
6.8667,100.9667,100
13.2167,99.9833,1000
14.0167,100.1667,50
13.5333,100.2833,100
12.8,99.9667,1000
14.3738,100.5631,50
13.65,100.2667,100
13.75,100.4667,500
14.9833,100.0167,1000
16.4333,103.5,1000
37.5112,126.9741,200
37.5112,126.9741,200
37.5112,126.9741,200
37.4562,126.7288,20
37.5985,126.9783,20
37.5112,126.9741,200
37.5112,126.9741,200
36.9167,126.6667,1
36.5671,126.6263,1
37.5112,126.9741,200
37.5112,126.9741,200
37.5112,126.9741,200
37.4988,126.7827,1000
37.5112,126.9741,200
37.5112,126.9741,200
37.5112,126.9741,200
37.62,126.7181,1
37.4988,126.7827,1000
37.5112,126.9741,200
37.5112,126.9741,200
37.62,126.7181,20
37.4461,126.8652,20
37.5985,126.9783,20
37.4461,126.8652,20
37.4988,126.7827,20
37.5112,126.9741,200
37.5112,126.9741,200
37.6742,126.622,10
37.62,126.7181,10
37.6742,126.622,10
37.6742,126.622,10
37.5112,126.9741,200
37.62,126.7181,1000
39.9288,116.3889,50
37.5112,126.9741,200
13.1604,101.1083,100
13.1604,101.1083,1
13.1604,101.1083,100
13.1604,101.1083,500
13.1604,101.1083,1
13.9181,100.4974,100
13.1604,101.1083,500
13.75,100.4667,500
13.75,100.4667,500
13.75,100.4667,500
13.1604,101.1083,1
13.75,100.4667,500
13.1604,101.1083,100
13.75,100.4667,500
13.75,100.4667,500
14.0167,100.1667,50
13.5333,100.2833,100
14.0866,99.5509,100
13.5333,100.2833,100
14.0866,99.5509,100
13.75,100.4667,500
13.75,100.4667,500
18.7833,100.7833,1000
15.6633,104.3067,1000
13.75,100.4667,500
13.75,100.4667,500
14.0435,100.6421,20
13.75,100.4667,500
13.75,100.4667,500
13.75,100.4667,500
13.754,100.5014,100
13.7086,100.4553,20
18.5811,99.0092,200
18.7422,99.1225,1000
13.75,100.4667,500
13.75,100.4667,500
9.9667,98.6333,1000
13.7877,100.5068,20
13.75,100.4667,500
13.75,100.4667,500
7.4944,100.0583,1000
13.75,100.4667,500
13.75,100.4667,500
17.1336,102.9675,200
6.8453,101.1881,1000
17.1336,102.9675,1000
13.6,101.0833,1000
13.8667,100.1917,1000
13.8667,100.1917,1000
13.75,100.4667,500
12.7167,101.0667,1000
13.8594,100.4775,1000
13.8594,100.4775,1000
13.8594,100.4775,1000
13.4167,99.95,100
13.75,100.4667,500
12.2131,102.5776,200
14.7333,100.6833,100
13.75,100.4667,500
13.75,100.4667,500
13.75,100.4667,500
18.19,99.3928,1
13.75,100.4667,500
13.6,101.0833,100
13.7167,100.2167,20
18.2983,99.5072,1000
13.75,100.4667,500
7.1988,100.5951,100
14.8818,103.4936,1000
13.75,100.4667,500
13.8594,100.4775,20
13.7167,100.7833,100
12.9667,101.2167,100
13.7167,100.7833,100
13.7618,100.5324,20
13.7618,100.5324,20
13.8594,100.4775,20
35.69,139.69,500
34.3779,132.4763,500
34.3779,132.4763,500
35.6363,139.7303,500
34.3779,132.4763,500
33.5802,130.3742,200
35.69,139.69,500
35.69,139.69,500
35.69,139.69,500
35.69,139.69,500
34.95,135.8167,500
35.69,139.69,500
35.69,139.69,500
35.6922,139.7178,10
35.1655,136.9045,50
35.6775,139.8016,50
35.1655,136.9045,50
35.7535,139.8216,10
35.7024,139.743,20
35.4865,139.6362,1000
34.9815,135.3317,1
35.6882,139.7532,20
35.9149,139.9553,20
35.6882,139.7532,20
35.6882,139.7532,200
35.5121,139.6759,200
35.6882,139.7532,200
35.6882,139.7532,200
35.6882,139.7532,1
35.9482,139.765,50
35.8725,139.6516,50
35.69,139.69,500
35.6882,139.7802,200
35.6882,139.7802,200
35.8034,139.589,200
35.5653,139.3655,200
35.8556,139.5207,200
35.8379,139.9191,200
34.95,135.8167,200
35.6882,139.7802,200
35.6882,139.7802,200
34.6622,135.496,200
36.409,140.5406,100
34.6567,136.4381,200
35.8063,139.7198,200
35.735,139.7981,50
34.9,137.15,100
34.95,137.0833,100
34.9,137.15,100
35.7632,139.8076,50
35.69,139.69,500
35.69,139.69,500
35.5141,139.6237,20
35.6868,139.662,20
35.5418,139.4509,20
35.5141,139.6237,20
35.6725,139.7737,5
35.7468,139.5863,20
35.69,139.69,500
35.69,139.69,500
34.65,137.2,500
35.4393,139.6061,500
34.8167,137.4,500
34.65,137.2,500
35.69,139.69,500
35.69,139.69,500
25.45,81.85,1000
18.9721,72.8246,1
23.0358,72.6194,20
17.7,83.3,1
28.4666,77.0309,1000
28.4666,77.0309,1000
28.4666,77.0309,1000
19.2,72.9667,1000
28.669,77.222,20
28.4333,77.3167,20
28.4333,77.3167,20
28.4666,77.0309,20
28.4333,77.3167,20
25.3333,83,1000
18.9721,72.8246,1000
19.2,72.9667,20
18.9721,72.8246,500
13.0843,80.2805,500
13.0843,80.2805,500
12.9833,77.5833,1000
18.9721,72.8246,100
18.9721,72.8246,100
26.4631,80.3479,100
12.9833,77.5833,500
26.8509,80.916,1
12.9833,77.5833,500
25.3333,83,1000
20,77,1000
22.3,73.2,1
20,77,1000
22.3,73.2,1
20,77,1000
28.6014,77.1989,10
20.967,72.8976,1
22.3,70.7833,20
18.9721,72.8246,50
18.9721,72.8246,1
12.9833,77.5833,100
18.9721,72.8246,1000
19.2,72.9667,20
19.6833,72.75,100
18.9721,72.8246,100
18.9721,72.8246,1
23.0358,72.6194,1
23.2667,77.4,20
19.25,73.15,20
18.9721,72.8246,20
17.4334,78.4111,1000
22.7165,75.8307,1
26.4631,80.3479,500
18.5332,73.8626,500
26.4631,80.3479,500
26.4631,80.3479,500
28.4666,77.0309,1
29.6833,76.9833,100
28.4666,77.0309,1000
26.4631,80.3479,1
26.8509,80.916,1000
23.0358,72.6194,20
12.9833,77.5833,50
12.9833,77.5833,50
12.9833,77.5833,50
12.9833,77.5833,50
12.9833,77.5833,50
13.0843,80.2805,1000
26.8509,80.916,1000
13.0843,80.2805,1000
28.669,77.222,20
28.4666,77.0309,20
13.0843,80.2805,1
28.4666,77.0309,1000
18.5332,73.8626,500
18.5332,73.8626,500
21.15,79.1,500
18.5332,73.8626,500
20,77,1000
27.1833,78.0167,1000
28.669,77.222,200
23.1667,79.95,20
28.6667,77.4333,20
28.6014,77.1989,20
28.6014,77.1989,20
28.669,77.222,20
28.4962,77.536,20
28.6014,77.1989,10
28.669,77.222,10
28.4666,77.0309,10
28.669,77.222,10
18.9721,72.8246,1000
18.9721,72.8246,1000
12.9833,77.5833,1000
18.5332,73.8626,1000
20.967,72.8976,500
25.45,81.85,1
28.4962,77.536,500
28.6014,77.1989,20
20,77,1000
28.9833,77.7,50
21.2333,81.6333,1
28.9833,77.7,1000
10.991,76.9667,1000
17.7,83.3,1000
26.9167,75.8167,1000
28.9833,77.7,1000
12.9833,77.5833,20
13.0843,80.2805,200
13.0843,80.2805,1
21.15,79.1,500
22.3,70.7833,500
21.15,79.1,500
27.1833,78.0167,1000
27.1833,78.0167,1000
22.3,73.2,1000
18.9917,79.7954,1000
27.1833,78.0167,1000
28.4666,77.0309,20
19.2,72.9667,20
19.0368,73.0158,1000
18.5332,73.8626,1
18.5332,73.8626,500
28.5735,77.3208,500
18.5332,73.8626,500
28.4333,77.3167,20
28.6014,77.1989,20
28.4333,77.3167,20
28.5735,77.3208,20
28.4962,77.536,1000
18.9721,72.8246,1000
18.9721,72.8246,1000
18.9721,72.8246,1000
18.9721,72.8246,1000
28.6014,77.1989,20
12.9833,77.5833,1
27.1833,78.0167,1000
13.0843,80.2805,1
18.5332,73.8626,1
19.0368,73.0158,20
18.9721,72.8246,20
18.9721,72.8246,20
19.2,72.9667,20
18.9721,72.8246,50
18.9721,72.8246,50
23.0358,72.6194,1
18.9721,72.8246,20
18.9721,72.8246,20
19.0368,73.0158,20
18.9721,72.8246,20
22.3,70.7833,1000
28.6667,77.4333,20
28.669,77.222,20
29.6161,76.9806,100
28.669,77.222,1000
28.6014,77.1989,20
28.4666,77.0309,1000
28.669,77.222,500
28.4333,77.3167,100
28.4962,77.536,50
28.6014,77.1989,20
23.3167,75.0667,1000
22.3,70.7833,1
20,77,1000
26.9167,75.8167,500
22.7165,75.8307,500
22.7165,75.8307,500
23.0358,72.6194,20
23.0358,72.6194,1
25.3333,83,500
28.669,77.222,500
25.3333,83,500
12.9833,77.5833,1
26.4631,80.3479,100
18.5332,73.8626,100
18.5332,73.8626,100
18.5332,73.8626,100
18.5332,73.8626,100
18.5332,73.8626,100
22.572,88.367,5
22.5892,88.3103,5
22.572,88.367,5
22.572,88.367,5
22.5892,88.3103,5
22.572,88.367,1000
22.572,88.367,1000
22.572,88.367,1000
22.572,88.367,1000
18.5332,73.8626,100
18.5332,73.8626,100
18.5332,73.8626,100
18.5332,73.8626,100
23.2667,77.4,500
22.5892,88.3103,1000
22.5892,88.3103,1000
12.9833,77.5833,1000
22.5892,88.3103,1000
20,77,1000
27.1833,78.0167,200
22.3,70.7833,200
27.1833,78.0167,200
23.1667,79.95,200
22.7165,75.8307,1
18.5332,73.8626,50
18.5332,73.8626,10
18.9721,72.8246,20
23.0358,72.6194,20
20,77,1000
20,77,1000
13.0843,80.2805,1
18.5332,73.8626,5
18.9721,72.8246,20
18.9721,72.8246,20
18.9721,72.8246,20
18.9721,72.8246,20
18.9721,72.8246,20
18.9721,72.8246,20
28.6014,77.1989,20
28.4666,77.0309,20
28.6014,77.1989,20
23.2667,77.4,10
18.5332,73.8626,10
26.8509,80.916,1
18.5332,73.8626,100
26.9167,75.8167,1000
26.8509,80.916,1000
26.8509,80.916,1000
21.2333,81.6333,100
18.5332,73.8626,100
17.3341,78.3925,500
22.7165,75.8307,100
18.9721,72.8246,50
18.5332,73.8626,100
26.9167,75.8167,100
25.3333,83,100
25.3333,83,100
25.3333,83,100
40.6522,109.8222,50
40.6522,109.8222,50
40.6522,109.8222,50
40.6522,109.8222,1
39.6,109.7833,100
40.6522,109.8222,1
40.6522,109.8222,50
40.8106,111.6522,200
40.6522,109.8222,50
42.2683,118.9636,1
40.8106,111.6522,500
40.8106,111.6522,200
39.9288,116.3889,1
40.6522,109.8222,50
40.6522,109.8222,50
40.6522,109.8222,50
40.6522,109.8222,100
40.6522,109.8222,50
42.2683,118.9636,1
40.6522,109.8222,50
40.8106,111.6522,1
40.6522,109.8222,50
40.6522,109.8222,50
40.6522,109.8222,50
40.6522,109.8222,50
40.6522,109.8222,50
40.6522,109.8222,50
40.6522,109.8222,50
40.6522,109.8222,50
40.8106,111.6522,1
40.6522,109.8222,50
40.6522,109.8222,50
40.6522,109.8222,50
40.8106,111.6522,200
39.1423,117.1726,500
39.1423,117.1726,500
41.7806,123.4312,500
39.1423,117.1726,500
40.6522,109.8222,50
3.2251,101.6803,1
1.6167,110.4407,100
3.1071,101.6139,10
3.0081,101.7719,5
3.1013,101.6915,10
3.1065,101.6079,10
1.6728,103.6325,20
3.139,101.706,10
1.9226,103.4038,50
3.144,101.5875,5
3.1366,101.7172,20
5.9479,116.0827,10
5.258,100.2923,20
3.0186,101.4286,10
3.1365,101.6941,20
3.0081,101.7719,20
3.1365,101.6941,20
3.0832,101.6407,5
3.144,101.5875,10
6.0602,102.2341,1
1.7259,103.5011,1000
3.1443,101.6718,10
1.562,110.3152,10
3.0643,101.7543,200
2.5,112.5,1000
5.3344,100.4673,5
3.0457,101.5573,1000
5.3769,100.3848,10
3.1013,101.6915,100
2.2218,102.2585,100
2.2218,102.2585,100
3.1419,101.6934,1000
4.5916,101.0967,5
5.6639,100.4902,1000
6.1893,100.2859,1000
5.6639,100.4902,1000
3.144,101.5875,10
3.1549,101.7412,10
3.11,101.5538,10
2.9982,101.8017,5
3.0384,101.7105,50
2.9228,101.6572,10
2.2872,102.2759,100
1.6728,103.6325,200
3.8087,103.3267,100
5.3405,103.0754,100
5.265,116.3283,100
5.9558,116.0368,100
2.0102,102.6981,50
3.1671,101.6708,1000
3.0081,101.7719,1000
3.1671,101.6708,1000
5.3834,100.393,100
6.0907,100.3819,100
3.1366,101.7172,10
3.1443,101.6718,10
3.1366,101.7172,10
6.1212,102.2459,100
3.0797,101.5186,10
3.1549,101.7412,100
5.3956,100.3111,50
4.5723,101.1157,50
1.5427,103.6487,200
2.2218,102.2585,200
1.5427,103.6487,200
5.4067,100.3259,20
5.4067,100.3259,20
4.907,100.6029,20
5.4067,100.3259,20
5.4067,100.3259,20
5.4112,100.3354,10
3.1065,101.6079,20
2.9679,101.653,20
2.9555,102.0719,200
3.0186,101.4286,20
3.0232,101.4621,50
6.1194,100.3677,5
5.9479,116.0827,5
2.9881,101.6053,20
3.1013,101.6915,1
1.5333,103.6667,5
5.9479,116.0827,10
4.1787,101.2265,100
1.551,103.7096,20
6.1461,100.5833,50
6.1185,102.2489,500
5.9615,115.9863,1000
3.0549,101.5314,10
3.106,101.718,10
3.106,101.718,10
3.0886,101.607,20
3.0081,101.7719,5
2.1462,102.7848,200
1.8605,103.1004,200
2.7566,102.2523,50
5.3436,103.0796,100
1.3667,103.8,50
22.25,114.1667,50
25.0478,121.5318,50
22.25,114.1667,50
22.25,114.1667,50
25.0478,121.5318,50
22.25,114.1667,50
1.3667,103.8,50
25.0478,121.5318,50
1.3667,103.8,50
25.0478,121.5318,50
1.3667,103.8,50
25.0478,121.5318,50
1.3667,103.8,50
22.3833,114.1833,50
1.3667,103.8,50
23.5,121,50
37.5112,126.9741,50
35.69,139.69,50
37.751,-97.822,50
22.25,114.1667,50
22.25,114.1667,50
11.5583,104.9121,50
22.25,114.1667,50
22.25,114.1667,50
35.4303,137.0001,50
35.6489,139.8894,50
35.6379,140.1169,50
35.4599,139.9298,50
35.8437,139.8835,50
35.6882,139.7532,10
34.7988,135.5452,10
34.7988,135.5452,10
34.7988,135.5452,10
34.7644,135.4452,10
35.674,139.8948,100
35.4156,140.2971,100
35.674,139.8948,100
36.2333,137.1833,100
35.735,139.7981,20
35.6422,139.6475,20
35.735,139.7981,20
35.6624,139.7036,10
35.6422,139.6475,5
35.7329,139.8209,10
35.6914,139.8022,10
35.6676,139.6581,10
35.6962,139.3974,20
35.7001,139.5111,20
35.6584,139.7379,10
35.729,139.6716,10
35.6344,139.7064,10
35.6882,139.7532,10
35.599,139.7298,10
35.6882,139.7532,10
36.95,140.9,200
38.3445,140.7994,200
35.0398,139.8962,200
35.0398,139.8962,200
38.7453,140.5304,200
34.9167,137.1333,200
35.644,139.5019,200
35.6796,139.66,200
35.644,139.5019,200
37.7497,140.4252,200
33.7914,130.583,1000
35.8622,139.9773,5
34.7833,137.3833,200
36.3583,139.8375,200
35.6847,139.8965,20
35.6624,139.7036,20
35.7576,139.7326,20
35.6242,139.7156,20
35.6847,139.8965,20
43.739,142.3853,500
35.7691,139.8264,1
43.0622,144.8426,100
35.1833,136.9,5
26.1981,127.698,20
34.8833,136.85,50
35.69,139.69,500
34.1726,134.4489,500
35.704,139.7786,10
35.69,139.69,500
35.69,139.69,500
35.69,139.69,500
35.731,139.6588,20
35.69,139.69,500
35.7632,139.8076,20
35.7632,139.8076,20
35.7632,139.8076,20
35.6624,139.7036,20
35.737,135.0931,500
35.737,135.0931,500
35.663,138.5665,500
34.6833,135.5167,20
34.6273,135.5332,20
34.7125,135.5006,20
34.6797,135.5778,10
34.7207,135.4804,5
34.711,135.4676,5
34.6769,135.5239,10
34.6833,135.5167,10
34.6769,135.5239,10
35.6205,140.109,20
35.815,139.6853,20
35.6882,139.7532,20
35.6321,139.7342,20
35.7292,139.5381,20
35.6882,139.7532,20
35.6882,139.7532,20
35.5928,139.7337,10
35.6458,139.5957,10
35.6139,139.4242,20
35.6882,139.7532,5
35.7074,139.6001,10
35.7496,139.7608,20
35.6882,139.7532,10
35.8209,139.5579,10
35.763,139.4458,20
35.6718,139.7796,10
32.3281,118.7638,1
25.0478,121.5318,1
25.0478,121.5318,1
25.0478,121.5318,1
25.0478,121.5318,1
25.0478,121.5318,1
25.0478,121.5318,1
25.0478,121.5318,1
25.0478,121.5318,1
25.0478,121.5318,1
25.0478,121.5318,1
25.0478,121.5318,1
25.0478,121.5318,1
24.9889,121.3176,10
24.6461,120.8711,50
25.0478,121.5318,20
23.5,121,200
25.0478,121.5318,1
25.0478,121.5318,1
24.9889,121.3176,1
25.0478,121.5318,50
25.0478,121.5318,50
24.8065,120.9706,50
25.0478,121.5318,50
23.5,121,200
25.0478,121.5318,1
23.5,121,200
25.0478,121.5318,1
24.8065,120.9706,50
25.0478,121.5318,1
25.0478,121.5318,1
24.9889,121.3176,5
24.9889,121.3176,1
25.0478,121.5318,20
25.0478,121.5318,1
25.0478,121.5318,20
24.9889,121.3176,50
24.8065,120.9706,1
24.8065,120.9706,1
24.6742,121.1611,20
25.0478,121.5318,1
25.0478,121.5318,50
24.5251,121.5166,50
25.0478,121.5318,50
24.9889,121.3176,1
25.0478,121.5318,1
24.9633,121.2403,10
25.0478,121.5318,1
25.0478,121.5318,20
24.8065,120.9706,5
24.8065,120.9706,50
25.0478,121.5318,50
25.0478,121.5318,20
24.9889,121.3176,20
25.0478,121.5318,1
24.8065,120.9706,50
23.5,121,200
23.5,121,200
23.5,121,200
25.0478,121.5318,20
23.5,121,200
23.5,121,200
22.3137,114.1837,5
22.2909,114.15,5
22.2909,114.15,5
22.2909,114.15,5
22.2909,114.15,10
22.3833,114.2667,20
22.2909,114.15,10
22.3333,114.1833,5
22.3333,114.25,10
22.4333,114.0333,20
22.2909,114.15,1
22.283,114.1585,5
22.2167,114.0167,20
22.1667,114.25,20
22.2909,114.15,5
22.2909,114.15,1
22.3137,114.1837,10
22.2909,114.15,5
22.2909,114.15,5
22.2909,114.15,5
22.2909,114.15,1
22.3137,114.1837,5
22.3667,114.1,20
22.2909,114.15,20
22.2909,114.15,10
22.2909,114.15,20
22.3833,114.2667,10
22.3137,114.1837,5
22.2909,114.15,20
22.3333,114.25,10
22.3833,114.2667,10
22.2909,114.15,5
22.5167,114.1167,20
22.5167,114.1167,20
22.2909,114.15,10
22.3833,114.1833,20
22.2909,114.15,10
22.3,113.95,20
22.2909,114.15,1
22.3,113.95,20
22.2909,114.15,20
22.2909,114.15,20
22.3833,114.1833,20
22.4,114.2333,20
22.2909,114.15,20
22.5,114.1333,20
22.4333,114.1833,20
22.2909,114.15,10
22.5,114.1333,20
22.3833,114.1833,10
22.2909,114.15,20
22.3,114.1667,5
22.2909,114.15,5
22.5167,114.1167,20
22.2909,114.15,20
22.3833,114.35,20
22.3333,114.25,5
22.2909,114.15,20
22.2833,113.95,20
22.2909,114.15,20
22.2833,113.95,20
22.2909,114.15,20
22.2909,114.15,1
22.3333,114.25,10
22.3333,114.1833,10
22.1667,114.25,20
22.3333,114.1333,5
22.2333,114,20
22.2909,114.15,20
22.3833,114.1833,20
22.3,113.95,20
22.4667,114,5
22.2909,114.15,5
22.3137,114.1837,5
22.4,113.9833,10
22.2909,114.15,20
22.2909,114.15,20
22.2909,114.15,5
22.3667,114.1,10
22.2833,113.95,20
22.2909,114.15,20
22.2833,113.95,20
22.2909,114.15,10
22.3,114.0167,20
22.2909,114.15,20
22.2909,114.15,5
22.2909,114.15,5
22.2909,114.15,5
22.3137,114.1837,5
22.3333,114.2,1
22.2909,114.15,1
22.2909,114.15,10
22.35,114.1833,10
22.2909,114.15,5
22.283,114.1585,20
22.4333,114.0333,20
22.4,113.9833,20
22.2909,114.15,20
22.3,114.1833,5
22.2833,113.95,20
22.3137,114.1837,5
22.2909,114.15,20
22.4333,114.0333,20
22.2909,114.15,10
22.4333,114.0333,20
22.2909,114.15,20
22.3,113.95,20
22.4333,114.0333,5
22.2909,114.15,5
22.2909,114.15,5
22.2909,114.15,1
22.1667,114.25,50
22.4333,114.0333,5
22.4333,114.0333,5
22.2909,114.15,20
22.2909,114.15,20
22.4,113.9833,20
22.2909,114.15,20
22.2909,114.15,10
22.3833,114.1833,5
22.2909,114.15,5
22.3333,114.1833,5
22.3,113.95,20
22.2909,114.15,10
22.2909,114.15,20
22.3137,114.1837,5
22.4333,114.0333,10
14.5955,120.9721,500
20,77,1000
18.9721,72.8246,1000
18.9721,72.8246,1000
18.9721,72.8246,1000
18.9721,72.8246,1000
18.9721,72.8246,1000
18.9721,72.8246,1000
18.9721,72.8246,1000
18.9721,72.8246,1000
18.9721,72.8246,1000
18.9721,72.8246,1000
18.9721,72.8246,1000
20,77,1000
20,77,1000
22.3,70.7833,100
21.25,73.3,100
22.4667,70.0667,100
22.3,70.7833,100
22.3,70.7833,100
22.3,70.7833,100
22.3,70.7833,200
22.3,70.7833,200
21.5167,70.4667,100
22.3,70.7833,50
23.5667,70.6333,200
22.3,70.7833,100
22.8167,70.8333,100
22.8167,70.8333,100
22.8167,70.8333,100
22.3,70.7833,100
22.8167,70.8333,100
22.8167,70.8333,100
22.3,70.7833,100
23.0358,72.6194,200
23.0833,70.1333,100
22.3,70.7833,100
22.3,70.7833,100
22.3,70.7833,200
22.3,70.7833,50
22.3,70.7833,100
20,77,1000
20,77,1000
20,77,1000
12.9833,77.5833,100
12.9833,77.5833,50
12.9833,77.5833,50
12.3072,76.6497,50
12.9833,77.5833,50
12.9833,77.5833,50
12.9833,77.5833,50
12.9833,77.5833,50
12.9833,77.5833,50
12.9833,77.5833,50
12.3072,76.6497,50
12.9833,77.5833,50
12.9833,77.5833,50
12.9833,77.5833,50
12.9833,77.5833,50
12.9833,77.5833,50
12.9833,77.5833,50
12.9833,77.5833,50
12.9833,77.5833,50
12.9833,77.5833,50
12.9833,77.5833,50
12.9833,77.5833,50
12.9833,77.5833,100
12.9833,77.5833,100
12.9833,77.5833,100
12.9833,77.5833,100
12.9833,77.5833,100
12.9833,77.5833,100
12.9833,77.5833,100
12.9833,77.5833,100
12.9833,77.5833,100
12.9833,77.5833,100
12.9833,77.5833,100
12.9833,77.5833,100
12.9833,77.5833,100
12.9833,77.5833,100
12.9833,77.5833,100
12.9833,77.5833,100
12.9833,77.5833,20
12.9833,77.5833,20
12.9833,77.5833,20
12.9833,77.5833,20
12.9833,77.5833,20
12.9833,77.5833,20
12.9833,77.5833,20
12.9833,77.5833,20
12.9833,77.5833,20
12.9833,77.5833,20
12.9833,77.5833,20
12.9833,77.5833,20
12.9833,77.5833,20
12.9833,77.5833,20
12.9833,77.5833,100
12.9833,77.5833,100
12.9833,77.5833,100
12.9833,77.5833,100
12.9833,77.5833,100
12.9833,77.5833,100
12.9833,77.5833,100
12.9833,77.5833,100
12.9833,77.5833,100
12.9833,77.5833,100
12.9833,77.5833,100
12.9833,77.5833,100
12.3072,76.6497,100
12.9833,77.5833,100
12.9833,77.5833,100
12.9833,77.5833,100
12.9833,77.5833,100
12.9833,77.5833,100
12.9833,77.5833,100
12.9833,77.5833,100
12.9833,77.5833,100
12.9833,77.5833,100
12.3072,76.6497,100
12.9833,77.5833,100
12.9833,77.5833,100
12.9833,77.5833,100
12.9833,77.5833,100
12.9833,77.5833,100
12.9833,77.5833,100
12.9833,77.5833,100
12.9833,77.5833,100
12.9833,77.5833,100
12.9833,77.5833,100
12.9833,77.5833,100
26.9167,75.8167,500
27.7167,75.4833,200
25.9833,76.3667,200
23.0358,72.6194,500
26.2867,73.03,500
26.9167,75.8167,200
26.45,74.6333,1000
27.7167,75.4833,100
26.9167,75.8167,200
23.55,74.45,200
26.9167,75.8167,200
26.9167,75.8167,200
27.7167,75.4833,500
27.4333,74.8833,500
26.1667,75.7833,500
27.7167,75.4833,500
27.7167,75.4833,500
25.1833,75.8333,200
26.9167,75.8167,500
25.35,74.6333,200
25.1833,75.8333,100
25.1833,75.8333,200
20,77,1000
27.6167,75.15,200
29.9167,73.8833,200
27.6167,75.15,200
27.6167,75.15,200
29.9167,73.8833,200
26.2833,72.6333,200
28.0167,73.3,500
26.2867,73.03,200
26.2867,73.03,200
25.7667,73.3333,200
26.2867,73.03,200
26.2867,73.03,200
26.2867,73.03,200
26.2867,73.03,200
25.35,72.6167,200
22.25,114.1667,50
22.2909,114.15,5
22.3,113.95,20
22.2909,114.15,10
22.3833,114.2667,10
22.2909,114.15,5
22.3833,114.2667,20
22.3,113.95,20
22.3,113.95,20
22.2909,114.15,20
22.3833,114.1833,10
22.2909,114.15,5
22.2909,114.15,10
22.2909,114.15,5
22.3833,114.1833,20
22.4,114.2333,20
22.3137,114.1837,5
22.2909,114.15,10
22.3833,114.1833,20
22.25,114.1667,50
35.69,139.69,500
35.69,139.69,500
35.8052,139.7107,100
35.6624,139.7036,20
35.69,139.69,500
35.69,139.69,500
36.066,138.0399,1
35.69,139.69,500
35.69,139.69,500
33.6886,130.4597,1000
35.69,139.69,500
35.69,139.69,500
35.69,139.69,500
35.69,139.69,500
37.7269,112.4708,200
39.1423,117.1726,100
37.7269,112.4708,50
37.7269,112.4708,50
37.7269,112.4708,50
37.7269,112.4708,1000
37.7269,112.4708,50
37.7269,112.4708,50
35.6422,139.6475,20
35.6591,139.5483,100
35.6602,139.5639,100
35.4333,139.6235,100
35.4971,139.5843,100
35.6591,139.5483,100
35.5317,139.6796,100
35.6591,139.5483,100
35.6591,139.5483,100
35.6591,139.5483,100
35.6591,139.5483,100
35.69,139.69,500
35.69,139.69,500
35.69,139.69,500
35.69,139.69,500
35.3449,139.5573,100
35.69,139.69,500
35.69,139.69,500
35.6882,139.7532,100
35.69,139.69,500
35.69,139.69,500
35.69,139.69,500
35.69,139.69,500
35.5216,139.4447,20
35.69,139.69,500
35.6422,139.6475,1000
35.6718,139.7796,20
35.6942,139.5549,20
35.69,139.69,500
35.69,139.69,500
35.69,139.69,500
35.69,139.69,500
35.9167,138.9333,100
35.69,139.69,500
35.156,136.9058,500
35.69,139.69,500
35.6785,139.9029,200
35.69,139.69,500
35.69,139.69,500
35.69,139.69,500
35.5216,139.4447,50
35.69,139.69,500
35.69,139.69,500
35.69,139.69,500
35.4786,139.5421,5
35.69,139.69,500
35.69,139.69,500
35.9,139.65,50
35.69,139.69,500
35.69,139.69,500
35.69,139.69,500
35.4975,137.5155,500
35.69,139.69,500
35.69,139.69,500
35.4484,139.6132,100
35.4484,139.6132,100
35.4484,139.6132,100
35.7314,139.6318,100
35.4484,139.6132,100
35.1655,136.9045,100
35.4484,139.6132,100
35.4484,139.6132,100
34.7444,137.7209,100
36.4333,140.5167,100
35.6941,139.804,100
35.4484,139.6132,100
35.69,139.69,200
35.7202,139.9094,100
34.9534,136.9432,100
34.6567,136.4381,100
35.78,139.9014,100
35.6882,139.7532,100
35.6515,139.693,100
35.6882,139.7532,100
35.6882,139.7532,100
35.6422,139.6475,100
35.5513,139.4466,20
35.194,138.9195,100
35.6882,139.7532,100
35.194,138.9195,100
35.4652,139.4676,20
35.1737,138.6299,100
35.6573,139.5723,200
35.6882,139.7532,20
35.1402,138.7772,200
35.6882,139.7532,5
35.5467,139.515,20
35.69,139.69,500
35.69,139.69,500
35.69,139.69,500
35.6882,139.7532,50
35.69,139.69,500
35.6985,139.7441,50
35.69,139.69,500
35.6624,139.7036,50
35.7835,139.6323,50
35.7835,139.6323,50
35.6363,139.6795,50
35.7835,139.6323,50
35.9899,139.3302,50
35.9633,139.6279,50
35.7835,139.6323,50
35.7846,139.7243,50
35.7835,139.6323,50
35.7835,139.6323,50
35.5714,139.5594,50
35.6882,139.7532,50
35.6031,140.1659,50
35.7835,139.6323,50
35.7835,139.6323,50
35.9263,139.7878,50
35.7835,139.6323,50
35.6253,139.6389,50
35.7835,139.6323,50
35.7835,139.6323,50
35.7835,139.6323,50
35.6422,139.6475,100
35.6422,139.6475,100
35.9098,139.7822,100
35.6422,139.6475,100
35.6422,139.6475,100
35.6422,139.6475,100
35.6624,139.7036,100
35.643,139.7269,100
35.6422,139.6475,100
35.6422,139.6475,100
35.7027,139.6917,100
35.8791,140.0481,100
35.8364,139.7996,100
35.6422,139.6475,100
35.1684,138.907,100
35.6882,139.7532,100
35.6422,139.6475,100
35.6422,139.6475,100
35.6189,139.7254,100
35.6551,139.6538,100
35.6422,139.6475,100
35.6624,139.7036,50
35.7068,139.6837,50
35.1833,136.875,100
35.6706,139.8886,50
35.6882,139.7532,50
35.6882,139.7532,50
35.1833,136.875,100
35.69,139.69,200
35.69,139.69,200
35.69,139.69,200
35.69,139.69,200
35.1833,136.9,200
35.69,139.69,200
35.5816,139.6647,200
35.69,139.69,200
35.1992,137.2852,200
35.464,139.4125,200
35.69,139.69,200
35.69,139.69,200
36.3516,139.2808,200
35.69,139.69,200
35.2,136.9167,200
35.1833,136.9,100
35.1,137.0667,100
35.0667,139.0667,100
35.1833,136.9,100
34.7097,136.4005,100
35.1833,136.9,100
35.69,139.69,500
35.69,139.69,500
35.69,139.69,500
34.6915,135.4586,200
35.69,139.69,500
35.69,139.69,500
35.69,139.69,500
35.7664,139.587,20
35.69,139.69,500
35.69,139.69,500
35.69,139.69,500
33.8968,130.7366,20
35.69,139.69,500
35.4372,139.6404,500
34.9806,135.9334,100
35.69,139.69,500
33.6886,130.4597,200
35.69,139.69,500
35.69,139.69,500
35.69,139.69,500
35.69,139.69,500
35.69,139.69,200
35.69,139.69,200
35.4837,139.5353,200
35.69,139.69,200
35.69,139.69,200
35.6092,140.1269,200
35.69,139.69,200
35.69,139.69,200
35.69,139.69,200
35.4508,139.6099,200
35.69,139.69,200
35.69,139.69,200
35.69,139.69,200
35.1,137.0667,200
34.9195,138.2338,100
34.9195,138.2338,100
34.9195,138.2338,100
35.8614,139.6617,100
35.4333,136.7833,100
36.4401,136.4556,100
35.4333,136.7833,100
35.1992,137.2852,200
35.9132,137.0901,200
35.0724,138.9743,200
35.69,139.69,500
35.69,139.69,500
35.69,139.69,500
35.69,139.69,500
35.3341,139.4389,200
35.1,137.0667,200
35.1,137.0667,200
35.1,137.0667,200
35.69,139.69,500
35.69,139.69,500
34.2598,108.9294,1
34.5035,109.5089,50
34.2598,108.9294,50
34.2598,108.9294,1
34.2598,108.9294,100
34.2598,108.9294,1
34.2598,108.9294,200
34.2598,108.9294,1
34.2598,108.9294,10
34.2598,108.9294,1
34.2598,108.9294,500
34.2598,108.9294,1
34.2598,108.9294,1
34.2598,108.9294,5
34.2598,108.9294,50
34.2598,108.9294,1
34.5035,109.5089,50
34.2598,108.9294,50
34.2598,108.9294,500
34.2598,108.9294,1000
33.0751,107.0221,200
34.2598,108.9294,50
34.2598,108.9294,50
34.5035,109.5089,50
34.2598,108.9294,50
34.2598,108.9294,50
34.2598,108.9294,50
34.2598,108.9294,50
34.2598,108.9294,50
34.3659,107.359,100
34.2598,108.9294,50
34.2598,108.9294,50
30.6667,104.0667,1
34.2598,108.9294,50
34.2598,108.9294,50
34.2598,108.9294,100
34.2598,108.9294,1
34.2598,108.9294,1
34.2598,108.9294,1
34.2598,108.9294,1000
34.2598,108.9294,1
34.2598,108.9294,1000
34.2598,108.9294,100
34.2598,108.9294,1
29.866,106.9502,500
34.2598,108.9294,500
34.2598,108.9294,500
34.2598,108.9294,500
34.2598,108.9294,500
34.2598,108.9294,200
34.2598,108.9294,1
34.2598,108.9294,20
34.2598,108.9294,20
34.3378,108.7026,20
34.2598,108.9294,20
34.2598,108.9294,100
34.2598,108.9294,1
34.2598,108.9294,50
33.7058,110.2475,100
34.2598,108.9294,5
34.2598,108.9294,1
39.9289,116.3883,50
37.5112,126.9741,200
37.5112,126.9741,200
35.8723,128.5924,200
37.5112,126.9741,200
37.5112,126.9741,200
37.5112,126.9741,200
37.5112,126.9741,200
37.5112,126.9741,200
37.5112,126.9741,200
37.5112,126.9741,200
35.69,139.69,500
35.7436,139.7065,100
34.663,135.0784,500
35.69,139.69,500
35.69,139.69,500
35.69,139.69,500
35.69,139.69,500
35.69,139.69,500
36.0391,138.1126,100
34.663,135.0784,500
35.65,139.75,200
35.7436,139.7065,500
35.6882,139.7532,10
34.663,135.0784,200
35.69,139.69,500
35.69,139.69,500
35.69,139.69,500
35.69,139.69,500
35.69,139.69,500
35.69,139.69,200
34.786,134.5806,200
35.0583,136.9667,200
34.6963,135.486,100
35.4783,140.3825,50
34.786,134.5806,200
35.69,139.69,500
35.69,139.69,500
35.69,139.69,500
39.9288,116.3889,50
34.7725,113.7266,50
39.9289,116.3883,50
39.9288,116.3889,100
39.9288,116.3889,1
39.9288,116.3889,1
39.9288,116.3889,100
-34.6892,150.858,200
-34.6892,150.858,200
-34.6892,150.858,200
-33.2328,151.5553,200
-34.6892,150.858,200
-34.6892,150.858,200
-34.0447,150.7348,100
-33.3843,151.471,100
-33.3843,151.471,100
-33.494,143.2104,1000
-33.494,143.2104,1000
-33.494,143.2104,1000
-33.494,143.2104,1000
-27.4737,153.0169,100
-27.4737,153.0169,200
-26.6917,152.9562,100
-27.8244,153.3047,200
-19.2993,146.7693,1000
-27.3394,152.947,200
-34.8823,150.605,100
-33.494,143.2104,1000
-27.4732,153.0215,200
-27.4737,153.0169,100
-26.1914,152.5905,100
-33.494,143.2104,1000
-33.494,143.2104,1000
-33.494,143.2104,1000
-33.494,143.2104,1000
-33.494,143.2104,1000
-33.494,143.2104,1000
-27.4737,153.0169,100
-27.5121,153.0323,100
-27.5237,153.2851,50
-26.538,151.8425,100
-27.9695,153.1994,200
-28.0383,153.342,200
-26.6548,153.0861,500
-27.4965,152.9121,50
-17.8691,146.1016,1000
-28.0003,153.4309,50
-27.8312,153.0274,500
-27.4732,153.0215,200
-25.975,152.9856,200
-24.2201,151.9018,200
-25.9194,153.0017,200
-33.494,143.2104,1000
-33.494,143.2104,1000
-33.494,143.2104,1000
-33.494,143.2104,1000
-33.494,143.2104,1000
-33.494,143.2104,1000
-19.3099,146.6386,1000
-33.494,143.2104,1000
-33.494,143.2104,1000
-33.494,143.2104,1000
-33.494,143.2104,1000
-33.494,143.2104,1000
-33.494,143.2104,1000
-27.4737,153.0169,100
-33.494,143.2104,1000
-33.494,143.2104,1000
-33.494,143.2104,1000
-32.0787,115.9926,50
-31.5465,115.6391,50
-32.5118,115.9618,100
-31.994,115.7582,200
-31.9204,115.8557,50
-31.8694,115.9674,100
-32.3385,115.7579,100
-32.2199,115.9954,100
-32.0505,115.9948,100
-33.3115,115.6429,200
-31.8401,115.8961,50
-33.6793,115.2671,20
-31.9633,115.8608,200
-32.2921,115.9858,50
-31.9633,115.8608,200
-31.6171,115.6867,500
-32.4794,115.7955,20
-32.3354,116.0553,20
-31.9633,115.8608,100
-31.5465,115.6391,50
-32.0787,115.9926,50
-31.8694,115.9674,100
-31.9633,115.8608,500
-35.0297,117.8856,500
-32.2199,115.9954,500
-32.2199,115.9954,100
-31.95,115.8667,100
-31.95,115.8667,100
-31.891,115.8873,50
-31.4833,116.1,200
-32.3373,115.8133,100
-31.9633,115.8608,50
-32.0358,115.9799,100
-33.494,143.2104,1000
-31.9633,115.8608,50
-31.9204,115.8557,100
-31.896,115.7652,50
-31.9633,115.8608,500
-32.2652,115.8348,50
-31.9633,115.8608,1000
-31.6171,115.6867,500
-33.0797,115.8939,100
-31.6171,115.6867,500
-33.3115,115.6429,50
-31.861,115.758,50
-31.861,115.758,50
-32.2823,115.7369,50
-31.8696,116.209,50
-31.8865,116.115,50
-31.9426,115.8791,500
-31.5465,115.6391,50
-32.2199,115.9954,50
-33.9581,115.0704,100
-31.8412,115.8399,20
-31.908,115.7595,50
-31.6171,115.6867,20
-32.0787,115.9926,50
-32.0833,116,50
-31.8694,115.9674,20
-32.3373,115.8133,100
-35.0297,117.8856,200
-31.9633,115.8608,50
-32.3373,115.8133,100
-33.6315,115.339,500
-31.9633,115.8608,50
-31.9204,115.8557,500
-31.6618,116.0406,500
-31.6618,116.0406,500
-31.6171,115.6867,200
-32.3373,115.8133,100
-31.8694,115.9674,200
-31.9674,115.8621,50
-31.8742,116.1384,20
-32.2199,115.9954,500
-32.3373,115.8133,200
-31.9633,115.8608,100
-35.0297,117.8856,200
-32.2199,115.9954,100
-31.8694,115.9674,50
-31.9633,115.8608,200
-34.9157,138.675,50
-34.7192,138.6703,50
-34.9157,138.675,50
-34.9157,138.675,50
-33.494,143.2104,1000
-33.494,143.2104,1000
-33.494,143.2104,1000
-34.9239,138.6454,500
-35.5286,138.6776,100
-36.9587,140.7434,1000
-34.9274,138.6005,50
-34.5978,138.7466,50
-34.9274,138.6005,50
-34.9274,138.6005,50
-34.7644,138.6419,500
-34.7266,135.8829,1000
-33.494,143.2104,1000
-33.494,143.2104,1000
-33.494,143.2104,1000
-33.494,143.2104,1000
-33.494,143.2104,1000
-33.494,143.2104,1000
-34.9274,138.6005,100
-33.494,143.2104,1000
-33.494,143.2104,1000
-33.494,143.2104,1000
-33.494,143.2104,1000
-33.494,143.2104,1000
-34.9216,138.6317,500
-34.9216,138.6317,500
-34.9216,138.6317,500
-34.9216,138.6317,500
-12.4003,130.9164,500
-34.9216,138.6317,500
-34.9216,138.6317,500
-34.9216,138.6317,500
-34.9216,138.6317,500
-34.9216,138.6317,500
-34.9216,138.6317,500
-34.9216,138.6317,500
-33.494,143.2104,1000
-33.494,143.2104,1000
-33.494,143.2104,1000
-33.494,143.2104,1000
-35.0297,117.8856,50
-33.494,143.2104,1000
-33.494,143.2104,1000
-33.494,143.2104,1000
-31.9633,115.8608,500
-33.494,143.2104,1000
-33.494,143.2104,1000
-33.494,143.2104,1000
-33.494,143.2104,1000
-31.9633,115.8608,1000
-33.494,143.2104,1000
-33.494,143.2104,1000
-33.494,143.2104,1000
-31.9674,115.8621,500
-33.494,143.2104,1000
-33.494,143.2104,1000
-33.494,143.2104,1000
-33.494,143.2104,1000
-27.4655,153.0427,50
-27.4655,153.0427,500
-27.4655,153.0427,500
-27.4655,153.0427,500
-27.4655,153.0427,500
-27.4655,153.0427,500
-27.4655,153.0427,500
-27.4655,153.0427,500
-28.5974,148.1952,500
-27.4655,153.0427,500
-27.4655,153.0427,500
-27.4655,153.0427,500
-27.4655,153.0427,500
-33.8463,151.1523,200
-33.8463,151.1523,200
-33.8463,151.1523,200
-33.8463,151.1523,200
-33.8463,151.1523,200
-33.8463,151.1523,200
-33.494,143.2104,1000
-33.494,143.2104,1000
-33.494,143.2104,1000
-33.494,143.2104,1000
-33.494,143.2104,1000
-27.7111,151.8654,200
-27.5548,153.0993,100
-27.5548,153.0993,100
-27.5548,153.0993,100
-27.5548,153.0993,100
-27.5548,153.0993,100
-28.5974,148.1952,100
-27.5548,153.0993,100
-27.5548,153.0993,100
-27.5548,153.0993,100
-27.5548,153.0993,100
-27.5548,153.0993,100
-27.5548,153.0993,100
-33.494,143.2104,1000
-33.494,143.2104,1000
-33.494,143.2104,1000
-33.494,143.2104,1000
-33.494,143.2104,1000
-33.494,143.2104,1000
-33.494,143.2104,1000
-37.8939,145.0251,100
-33.494,143.2104,1000
-33.494,143.2104,1000
-33.494,143.2104,1000
-33.494,143.2104,1000
-33.494,143.2104,1000
-33.494,143.2104,1000
-33.494,143.2104,1000
-33.494,143.2104,1000
-33.494,143.2104,1000
-37.8561,145.0946,50
-37.8561,145.0946,50
-37.8561,145.0946,50
-37.8561,145.0946,50
-37.8561,145.0946,50
-37.8561,145.0946,50
-37.7,145.0167,50
-37.8561,145.0946,50
-37.8561,145.0946,50
-37.8561,145.0946,50
-37.8561,145.0946,50
-37.8561,145.0946,50
-33.494,143.2104,1000
-33.494,143.2104,1000
-33.8591,151.2002,100
-33.494,143.2104,1000
-33.494,143.2104,1000
-33.494,143.2104,1000
-27.4732,153.0215,500
-33.494,143.2104,1000
-34.9274,138.6005,500
-33.494,143.2104,1000
-33.494,143.2104,1000
-33.494,143.2104,1000
-31.9674,115.8621,500
-33.494,143.2104,1000
-33.494,143.2104,1000
-33.494,143.2104,1000
-33.8591,151.2002,200
-33.8591,151.2002,200
-33.8591,151.2002,200
-33.8591,151.2002,200
-33.725,151.0812,200
-33.8591,151.2002,200
-33.8591,151.2002,200
-33.8591,151.2002,200
-33.8591,151.2002,200
-33.8591,151.2002,200
-33.8591,151.2002,200
-33.8591,151.2002,200
-33.8846,151.212,200
-33.8846,151.212,200
-33.8846,151.212,200
-33.8846,151.212,200
-33.8846,151.212,200
-33.8846,151.212,200
-33.8846,151.212,200
-35.9225,145.4688,200
-33.8846,151.212,200
-33.8846,151.212,200
-33.8846,151.212,200
-33.8846,151.212,200
-33.494,143.2104,1000
-33.494,143.2104,1000
-33.494,143.2104,1000
-33.494,143.2104,1000
-33.494,143.2104,1000
-33.494,143.2104,1000
-33.494,143.2104,1000
-37.8676,144.6928,50
-37.8071,144.9516,100
-33.494,143.2104,1000
-33.494,143.2104,1000
-33.494,143.2104,1000
-33.494,143.2104,1000
-32.8167,151.4811,200
-32.8167,151.4811,200
-32.8167,151.4811,200
-32.8167,151.4811,200
-31.9022,152.4579,200
-32.8167,151.4811,200
-32.8167,151.4811,200
-31.9022,152.4579,200
-31.0772,152.8405,200
-31.9022,152.4579,200
-31.9022,152.4579,200
-31.9022,152.4579,200
-34.0346,151.0856,200
-34.0346,151.0856,200
-34.0346,151.0856,200
-32.8167,151.4811,200
-34.0346,151.0856,200
-34.0346,151.0856,200
-34.0346,151.0856,200
-30.3676,153.0962,200
-31.9682,152.58,200
-32.6913,151.6515,200
-31.5876,152.8351,200
-32.6913,151.6515,200
-33.9335,150.8375,200
-30.2909,153.118,200
-32.172,152.4942,200
-33.9335,150.8375,200
-30.2909,153.118,200
-32.8167,151.4811,100
-30.2909,153.118,200
-32.1961,152.5229,200
-30.2909,153.118,200
-32.8324,151.3505,200
-34.039,151.1239,200
-31.4489,152.7922,200
-34.0136,151.0133,200
-31.4479,152.9032,200
-32.8037,151.6482,100
-34.039,151.1239,200
-30.2909,153.118,200
-36.0764,146.9155,500
-31.4479,152.9032,200
-32.8167,151.4811,200
-32.8324,151.3505,200
-35.9992,146.3827,200
-32.8167,151.4811,200
-32.8167,151.4811,200
-32.7135,151.5242,100
-31.5547,152.8468,500
-32.8167,151.4811,100
-31.9682,152.58,200
-33.9929,151.0407,200
-30.646,152.9958,200
-32.8109,151.4584,200
-32.8324,151.3505,100
-32.8096,151.6589,200
-32.7777,151.6435,200
-32.7777,151.6435,200
-34.0594,151.0128,200
-32.7549,151.5891,100
-30.5964,153.0065,50
-36.3581,146.3111,200
-32.9136,151.7096,200
-33.9929,151.0407,200
-33.8591,151.2002,200
-31.9022,152.4579,200
-32.8416,151.3735,200
-31.4648,152.7268,200
-32.9412,151.6597,100
-32.7777,151.6435,100
-32.699,151.5363,100
-32.8324,151.3505,100
-31.4479,152.9032,200
-33.9588,150.8542,200
-36.0764,146.9155,5
-31.4479,152.9032,100
-32.9264,151.7133,50
-32.8167,151.4811,10
-34.5479,146.3993,200
-36.0764,146.9155,10
-30.8965,153.0672,50
-32.9237,151.7845,50
-34.0543,151.1528,10
-32.9412,151.6597,20
-33.494,143.2104,1000
-33.494,143.2104,1000
-27.3538,152.9673,100
-27.3538,152.9673,100
-27.6618,153.053,100
-23.529,148.1601,100
-27.3538,152.9673,100
-27.7161,152.9654,100
-27.2225,153.0136,100
-27.8312,153.0274,100
-27.3538,152.9673,100
-27.3538,152.9673,100
-27.6203,152.9639,100
-27.3538,152.9673,100
-27.3538,152.9673,100
-27.705,153.0616,100
-27.3538,152.9673,100
-27.6196,152.7601,200
-27.6287,153.1064,100
-27.6287,153.1064,100
-27.6287,153.1064,100
-27.709,153.151,100
-27.6287,153.1064,100
-27.5623,153.2661,100
-27.6287,153.1064,100
-27.6203,152.9639,50
-27.3803,153.0625,100
-27.3803,153.0625,100
-27.3803,153.0625,100
-27.3803,153.0625,100
-26.1846,152.6665,100
-27.3803,153.0625,100
-27.6203,152.9639,100
-27.6203,152.9639,100
-27.3538,152.9673,100
-27.6203,152.9639,100
-27.6203,152.9639,100
-27.6203,152.9639,100
-27.6203,152.9639,100
-27.4732,153.0215,100
-27.705,153.0616,100
-27.3656,153.0172,100
-27.7787,153.1116,50
-27.3727,152.8866,20
-27.3656,153.0172,500
-27.6203,152.9639,100
-27.5796,153.0917,100
-27.6104,152.8711,100
-27.6104,152.8711,100
-27.7469,153.1921,100
-27.6104,152.8711,100
-27.6104,152.8711,100
-27.6104,152.8711,100
-27.6104,152.8711,100
-27.5669,152.953,100
-27.7161,152.9654,200
-24.8662,152.3479,200
-25.2894,152.8288,200
-27.4655,152.5705,200
-24.8662,152.3479,200
-24.8662,152.3479,200
-27.1857,152.9472,200
-24.8662,152.3479,200
-25.5293,152.6966,200
-27.55,152.9833,200
-27.5137,153.1692,100
-27.5137,153.1692,100
-27.5137,153.1692,100
-28.0839,152.8412,100
-27.5137,153.1692,100
-27.5876,153.2927,100
-27.5137,153.1692,100
-27.5137,153.1692,100
-27.7161,152.9654,50
-27.8244,153.3047,100
-27.8244,153.3047,100
-27.7835,153.3642,100
-26.6548,153.0861,100
-27.6196,152.7601,100
-23.4495,150.4581,10
-25.5293,152.6966,100
-27.6203,152.9639,100
-27.9885,153.0033,100
-27.6203,152.9639,100
-27.8312,153.0274,100
-27.6203,152.9639,100
-27.6203,152.9639,100
-27.6203,152.9639,100
-27.6203,152.9639,100
-26.6851,153.0654,100
-27.6203,152.9639,100
-28.0721,153.3952,100
-27.6203,152.9639,100
-27.6203,152.9639,100
-27.6203,152.9639,50
-27.7161,152.9654,200
-27.3519,153.0615,200
-27.5649,152.2789,200
-27.7161,152.9654,200
-27.7787,153.1116,200
-27.7161,152.9654,200
-27.5833,152.9333,200
-27.7161,152.9654,200
-27.7161,152.9654,200
-27.6051,153.096,100
-27.6051,153.096,100
-27.6203,152.9639,100
-27.6051,153.096,100
-27.6051,153.096,100
-27.6051,153.096,100
-35.2747,149.1353,20
-35.1828,149.1371,20
-35.2747,149.1353,10
-36.4229,148.6178,100
-35.3981,149.0919,10
-35.3126,149.1278,10
-36.2621,149.1063,100
-35.2747,149.1353,10
-35.2747,149.1353,20
-35.2747,149.1353,10
-35.2586,149.4463,20
-35.1828,149.1371,20
-34.7464,149.7184,20
-35.2028,149.1074,20
-35.3149,149.1448,20
-33.494,143.2104,1000
-33.494,143.2104,1000
-33.8324,151.2295,50
-33.8933,151.2642,50
-33.8933,151.2642,50
-33.4951,151.3205,50
-33.8933,151.2642,50
-33.8933,151.2642,50
-33.8933,151.2642,50
-33.8933,151.2642,50
-33.8933,151.2642,50
-33.8933,151.2642,50
-33.4126,151.2211,50
-33.8933,151.2642,50
-33.8933,151.2642,50
-33.8933,151.2642,50
-33.8933,151.2642,50
-33.8933,151.2642,50
-33.8591,151.2002,100
-34.9927,150.592,100
-33.8324,151.2295,100
-33.8933,151.2642,100
-33.8829,151.2577,100
-33.8591,151.2002,50
-33.8933,151.2642,50
-33.8933,151.2642,50
-33.8933,151.2642,50
-33.7754,151.0414,50
-33.7525,151.0615,50
-33.4951,151.3205,50
-33.8933,151.2642,50
-33.8829,151.2577,50
-33.834,151.2189,50
-33.834,151.2189,50
-33.8829,151.2577,50
-33.7494,151.031,50
-33.834,151.2189,50
-33.4694,151.3966,50
-33.834,151.2189,50
-33.834,151.2189,50
-33.8286,151.2259,50
-33.8324,151.2295,50
-33.8869,151.2425,50
-33.8933,151.2642,50
-33.8591,151.2002,50
-33.8324,151.2295,50
-33.8324,151.2295,50
-33.8324,151.2295,50
-33.8324,151.2295,50
-33.8324,151.2295,50
-33.443,151.4321,50
-33.8324,151.2295,50
-33.8324,151.2295,50
-33.8829,151.2577,50
-33.7407,151.1954,20
-33.8829,151.2577,1
-34.3162,150.9189,1
-33.6242,151.1468,100
-33.8324,151.2295,50
-33.8591,151.2002,200
-33.8286,151.2259,200
-28.3319,153.382,500
-33.8789,151.1872,200
-33.8645,151.0826,200
-33.8582,151.1795,100
-28.8225,153.4187,500
-33.8731,151.162,100
-33.8582,151.1795,200
-33.834,151.2189,100
-33.1358,148.1765,200
-32.9333,151.7333,200
-33.8591,151.2002,200
-33.8591,151.2002,100
-33.8061,151.1761,100
-33.8591,151.2002,100
-33.8591,151.2002,100
-33.9092,150.6106,100
-32.9036,151.6723,100
-33.8591,151.2002,100
-33.8591,151.2002,100
-33.8731,151.162,200
-33.8286,151.2259,200
-33.8286,151.2259,200
-33.8286,151.2259,200
-32.9424,151.7508,200
-33.8286,151.2259,200
-33.8286,151.2259,200
-33.8286,151.2259,200
-33.7783,151.166,200
-33.8286,151.2259,200
-33.8286,151.2259,200
-33.9044,151.056,200
-33.8286,151.2259,200
-33.8286,151.2259,200
-33.8582,151.1795,200
-33.8582,151.1795,200
-33.8582,151.1795,200
-32.2536,148.6149,200
-33.8582,151.1795,200
-33.8819,151.1706,200
-33.4391,151.3215,200
-33.8819,151.1706,200
-33.373,149.5458,200
-33.8819,151.1706,200
-33.8819,151.1706,200
-28.9033,153.492,200
-27.8713,153.2935,200
-33.7286,151.1226,200
-33.7286,151.1226,200
-32.9036,151.6723,200
-33.8806,151.1977,200
-33.8591,151.2002,200
-33.8591,151.2002,200
-33.8016,151.0088,200
-33.8591,151.2002,200
-33.8591,151.2002,200
-33.8591,151.2002,200
-33.8806,151.1977,200
-33.7907,150.6777,200
-33.8582,151.1795,200
-28.2361,153.5419,500
-33.8681,151.1967,200
-33.8591,151.2002,200
-33.8591,151.2002,200
-33.8591,151.2002,200
-33.887,150.6059,200
-33.4188,149.5762,200
-33.8591,151.2002,200
-33.8591,151.2002,200
-28.2375,153.5034,500
-32.7331,151.6124,200
-33.8806,151.1977,100
-33.8591,151.2002,200
-33.8582,151.1795,200
-33.8582,151.1795,200
-33.8582,151.1795,200
-33.8426,150.9987,200
-33.8582,151.1795,200
-33.8582,151.1795,200
-33.8582,151.1795,100
-28.5137,153.5399,500
-33.8582,151.1795,100
-32.8037,151.6482,100
-33.8582,151.1795,100
-33.8582,151.1795,100
-33.8582,151.1795,100
-33.8582,151.1795,100
-33.9092,150.6106,100
-33.8582,151.1795,100
-33.8637,151.1707,200
-33.494,143.2104,1000
-34.9274,138.6005,100
-34.7192,138.6703,100
-34.9274,138.6005,200
-34.928,138.601,50
-34.7644,138.6419,50
-32.4957,137.7768,200
-32.4957,137.7768,200
-32.4957,137.7768,200
-32.4957,137.7768,200
-32.4957,137.7768,200
-34.9803,138.5688,200
-32.4957,137.7768,200
-32.4957,137.7768,200
-32.4957,137.7768,200
-34.8781,138.5401,100
-34.7644,138.6419,100
-34.742,138.6014,100
-34.742,138.6014,100
-34.742,138.6014,100
-34.742,138.6014,100
-34.742,138.6014,100
-34.742,138.6014,100
-33.2745,136.6972,100
-34.742,138.6014,100
-34.742,138.6014,100
-34.742,138.6014,100
-34.742,138.6014,100
-34.742,138.6014,100
-34.7644,138.6419,100
-34.8711,138.7027,100
-34.7644,138.6419,100
-34.7644,138.6419,100
-34.7644,138.6419,100
-34.7644,138.6419,100
-34.7644,138.6419,100
-34.7644,138.6419,100
-34.7009,138.678,100
-34.7644,138.6419,100
-34.7644,138.6419,100
-35.0981,138.5253,100
-34.7644,138.6419,100
-34.7644,138.6419,100
-35.0204,138.6162,100
-34.928,138.601,50
-34.57,139.5959,200
-36.313,140.7695,200
-34.9274,138.6005,100
-34.7832,138.7103,50
-35.1856,138.4774,200
-34.9274,138.6005,20
-34.6826,138.6867,50
-34.9274,138.6005,100
-34.9444,138.5926,50
-33.178,138.009,100
-33.9635,137.7169,100
-33.178,138.009,200
-35.1206,138.5266,20
-33.494,143.2104,1000
-37.8561,145.0946,50
-37.8071,144.9516,50
-37.8561,145.0946,50
-37.8561,145.0946,50
-37.8302,145.4333,50
-37.8561,145.0946,50
-37.8561,145.0946,50
-37.8561,145.0946,50
-37.8183,144.9445,50
-37.5891,144.9189,50
-37.8183,144.9445,50
-37.8495,145.1156,50
-37.0224,145.9535,50
-37.8676,144.6928,50
-37.8183,144.9445,50
-37.8071,144.9516,20
-37.5757,144.7194,50
-37.7001,144.7656,50
-37.5891,144.9189,50
-37.9212,145.0662,50
-37.8634,144.9825,100
-38.0414,145.3419,200
-37.8444,144.6725,50
-37.763,144.9431,50
-37.8561,145.0946,50
-37.8561,145.0946,50
-37.8561,145.0946,50
-38.2286,145.1771,50
-38.05,145.25,50
-37.8561,145.0946,50
-37.8561,145.0946,50
-37.734,144.7378,50
-37.8575,145.0346,50
-37.7001,144.7656,50
-37.8207,145.1509,20
-37.3601,144.5293,50
-37.5891,144.9189,50
-37.8159,144.9669,50
-37.7991,144.9489,50
-37.7991,144.9489,50
-37.7991,144.9489,50
-38.2063,146.0647,50
-37.5757,144.7194,50
-38.1024,145.2778,50
-37.6366,144.8919,50
-38.071,145.4759,50
-38.0976,144.0496,50
-37.7991,144.9489,50
-37.7991,144.9489,50
-37.9212,145.0662,50
-37.8159,144.9669,50
-37.867,145.0811,20
-37.867,145.0811,20
-37.8444,144.6725,20
-38.2793,144.6134,20
-37.5891,144.9189,20
-37.867,145.0811,20
-37.867,145.0811,20
-38.3204,144.3257,20
-37.867,145.0811,20
-37.5891,144.9189,50
-37.734,144.7378,50
-37.5891,144.9189,50
-37.5891,144.9189,50
-37.734,144.7378,50
-37.734,144.7378,50
-37.734,144.7378,50
-37.734,144.7378,50
-37.8974,144.7444,50
-37.5891,144.9189,5
-37.846,145.265,20
-37.8249,145.2134,50
-38.1098,145.1367,50
-38.2286,145.1771,50
-37.5891,144.9189,100
-37.8676,144.6928,20
-37.5891,144.9189,50
-37.5891,144.9189,50
-37.8939,145.0251,50
-37.5891,144.9189,50
-38.2598,144.533,50
-37.9377,145.0095,50
-38.3204,144.3257,100
-37.6366,144.8919,20
-37.7087,144.8883,50
-37.8546,144.9934,50
-38.2745,144.4902,50
-37.8546,144.9934,50
-37.5891,144.9189,50
-37.8159,144.9669,50
-37.8159,144.9669,50
-38.2286,145.1771,50
-37.7001,144.7656,100
-37.8996,145.4464,50
-37.9212,145.0662,100
-37.5891,144.9189,100
-37.9212,145.0662,100
-35.7321,143.9223,100
-37.5757,144.7194,100
-37.5891,144.9189,100
-32.0787,115.9926,50
-32.0787,115.9926,50
-31.8401,115.8961,50
-32.0787,115.9926,50
-32.0787,115.9926,50
-32.0787,115.9926,50
-32.0787,115.9926,50
-32.1202,116.0163,50
-32.0787,115.9926,50
-32.2823,115.7369,50
-32.0787,115.9926,50
-31.9769,115.7637,50
-33.3406,115.6834,100
-32.06,115.955,50
-31.9769,115.7637,50
-32.06,115.955,50
-31.9633,115.8608,50
-31.9633,115.8608,50
-31.9633,115.8608,50
-31.9633,115.8608,50
-32.1202,116.0163,50
-32.0128,115.7622,50
-32.0128,115.7622,50
-32.0128,115.7622,50
-32.5274,115.7294,50
-32.0128,115.7622,50
-32.0787,115.9926,50
-32.0128,115.7622,50
-32.0128,115.7622,50
-32.0128,115.7622,50
-31.994,115.7582,50
-33.3115,115.6429,100
-31.9855,115.7705,50
-33.3115,115.6429,200
-31.9769,115.7637,50
-32.0537,115.7553,50
-31.9855,115.7705,50
-31.9855,115.7705,50
-31.9633,115.8608,50
-33.3165,115.7148,50
-31.9855,115.7705,50
-31.9855,115.7705,50
-31.9855,115.7705,50
-31.9855,115.7705,50
-31.9855,115.7705,50
-35.0297,117.8856,200
-32.3373,115.8133,50
-32.1632,116.0569,50
-33.3165,115.7148,100
-31.9846,116.0075,100
-32.06,115.955,50
-31.9855,115.7705,50
-31.9674,115.8621,200
-31.9855,115.7705,20
-33.3115,115.6429,200
-32.5274,115.7294,100
-31.9855,115.7705,50
-32.3373,115.8133,100
-31.9934,115.7872,50
-31.9934,115.7872,50
-31.9934,115.7872,50
-31.9934,115.7872,50
-32.4057,115.7606,50
-31.8458,115.7796,50
-31.908,115.7595,100
-33.3165,115.7148,100
-31.9593,115.9138,100
-31.9674,115.8621,50
-31.9855,115.7705,50
-31.9934,115.7872,20
-31.9633,115.8608,20
-32.2823,115.7369,50
-32.0128,115.7622,50
-28.6945,114.6588,50
-32.5274,115.7294,1
-33.494,143.2104,1000
25.0478,121.5318,1
24.9889,121.3176,20
25.0478,121.5318,1
25.0478,121.5318,20
25.0478,121.5318,1
25.0478,121.5318,5
25.0478,121.5318,1
25.0478,121.5318,200
22.6714,120.4881,200
25.0478,121.5318,1
25.0478,121.5318,1
25.0478,121.5318,20
25.0478,121.5318,20
25.0478,121.5318,20
24.9889,121.3176,1
25.0478,121.5318,20
24.9889,121.3176,20
24.9889,121.3176,1
25.0478,121.5318,20
25.0478,121.5318,20
24.9889,121.3176,20
25.0478,121.5318,20
25.0478,121.5318,1
25.0478,121.5318,20
24.9889,121.3176,1
25.0478,121.5318,20
25.0478,121.5318,100
25.0478,121.5318,50
25.0478,121.5318,1
25.0478,121.5318,20
25.0478,121.5318,1
25.0478,121.5318,20
24.8065,120.9706,5
24.8383,121.0078,5
25.0478,121.5318,1
23.5,121,200
23.5,121,200
25.0478,121.5318,20
25.0478,121.5318,10
24.8065,120.9706,5
23.5,121,200
24.9889,121.3176,100
24.1684,121.6296,100
24.9889,121.3176,1
23.5,121,200
25.0478,121.5318,1
24.1469,120.6839,100
25.0478,121.5318,1
25.0478,121.5318,1
25.1283,121.7419,20
25.0478,121.5318,20
25.0478,121.5318,1
25.0478,121.5318,100
23.5,121,200
25.0478,121.5318,50
24.757,121.753,1
25.0478,121.5318,10
24.757,121.753,50
23.5,121,200
23.5,121,200
24.757,121.753,1
24.757,121.753,1
23.5,121,200
25.0478,121.5318,1
25.0478,121.5318,100
25.0478,121.5318,1
25.0478,121.5318,1
25.0478,121.5318,1
24.9889,121.3176,20
25.0478,121.5318,20
25.0478,121.5318,1
25.0478,121.5318,1
24.9889,121.3176,20
23.5,121,200
24.8065,120.9706,20
25.0478,121.5318,20
25.0478,121.5318,20
22.9908,120.2133,200
25.0478,121.5318,20
25.0478,121.5318,10
25.0478,121.5318,1
24.757,121.753,1
24.9889,121.3176,50
24.757,121.753,50
24.757,121.753,10
24.757,121.753,1
25.0478,121.5318,50
24.757,121.753,50
24.757,121.753,200
24.757,121.753,1
24.1469,120.6839,100
25.0478,121.5318,20
25.0478,121.5318,1
25.0478,121.5318,20
25.0478,121.5318,1
25.0478,121.5318,100
25.0478,121.5318,1
25.0478,121.5318,1
25.0478,121.5318,100
25.0478,121.5318,20
25.0478,121.5318,1
23.5,121,200
25.0478,121.5318,20
25.0478,121.5318,20
25.0478,121.5318,20
25.0478,121.5318,200
25.0478,121.5318,1
24.9889,121.3176,1
25.0478,121.5318,20
24.9889,121.3176,20
25.0478,121.5318,20
25.0478,121.5318,20
25.0478,121.5318,20
23.5,121,200
25.0478,121.5318,1
24.9889,121.3176,1
24.9889,121.3176,1
25.0478,121.5318,20
25.0478,121.5318,1
24.9889,121.3176,10
23.5,121,200
25.0478,121.5318,1
23.5,121,200
25.0478,121.5318,20
25.0478,121.5318,1
24.9889,121.3176,1
23.5,121,200
25.0478,121.5318,1
24.9889,121.3176,1
25.0478,121.5318,200
24.8065,120.9706,20
25.0478,121.5318,20
25.1283,121.7419,20
25.0478,121.5318,20
25.0478,121.5318,20
25.0478,121.5318,20
25.1283,121.7419,20
25.0478,121.5318,20
25.0478,121.5318,1
25.0478,121.5318,100
24.9633,121.2403,20
24.9097,121.1461,50
24.9889,121.3176,1
24.9889,121.3176,1
25.0478,121.5318,5
25.0478,121.5318,20
24.9889,121.3176,1
24.9298,121.2837,50
25.0478,121.5318,100
25.0478,121.5318,1
24.9889,121.3176,50
25.0478,121.5318,1
25.0478,121.5318,50
25.0478,121.5318,1
25.0478,121.5318,1
25.0478,121.5318,20
25.0478,121.5318,20
24.9889,121.3176,200
24.9889,121.3176,1
25.0478,121.5318,5
25.0478,121.5318,1
25.0478,121.5318,5
25.0478,121.5318,50
25.0478,121.5318,20
25.0478,121.5318,1
25.0478,121.5318,1
25.0478,121.5318,100
24.9889,121.3176,1
25.0478,121.5318,1
25.0478,121.5318,20
24.9889,121.3176,20
23.5,121,200
25.0478,121.5318,50
24.8065,120.9706,1
24.8065,120.9706,1
24.1469,120.6839,100
24.8065,120.9706,1
23.5,121,200
25.0478,121.5318,1
25.0478,121.5318,5
23.9769,121.6044,20
23.9769,121.6044,1
25.0478,121.5318,50
25.0478,121.5318,1
25.0478,121.5318,100
25.0478,121.5318,20
25.0478,121.5318,1
23.5,121,200
25.0478,121.5318,20
25.0798,121.8523,20
25.0478,121.5318,20
23.5,121,200
23.5,121,200
24.9889,121.3176,1
24.9889,121.3176,20
25.0478,121.5318,20
25.0478,121.5318,100
23.5,121,200
23.5,121,200
25.0478,121.5318,100
24.9298,121.2837,200
25.0478,121.5318,1
25.0478,121.5318,1
23.5,121,200
25.0478,121.5318,20
25.0478,121.5318,1
23.5,121,200
23.5,121,200
25.0478,121.5318,1
24.757,121.753,50
25.0478,121.5318,1
25.0478,121.5318,1
25.0478,121.5318,100
24.8065,120.9706,1
24.0709,120.5419,100
23.5,121,200
24.0709,120.5419,1
24.0709,120.5419,10
23.9265,120.3169,50
24.0709,120.5419,10
23.707,120.3848,1
24.1469,120.6839,100
23.9059,120.6866,200
24.0709,120.5419,50
25.0478,121.5318,200
24.1469,120.6839,1
25.0478,121.5318,20
24.1469,120.6839,1
24.1469,120.6839,10
24.9889,121.3176,100
24.7317,121.0303,50
24.0709,120.5419,20
24.0709,120.5419,1
24.1469,120.6839,1
23.6496,120.505,100
23.707,120.3848,1
24.1469,120.6839,100
23.8211,120.6449,200
25.0269,121.531,200
24.1469,120.6839,20
24.1469,120.6839,1
24.1469,120.6839,20
24.1469,120.6839,20
24.1469,120.6839,20
24.757,121.753,20
24.1469,120.6839,20
24.1469,120.6839,100
24.1469,120.6839,100
24.1469,120.6839,1
24.1469,120.6839,1
23.707,120.3848,50
24.1469,120.6839,100
23.5,121,200
23.9611,120.5721,10
24.0709,120.5419,10
23.4792,120.4489,200
23.5,121,200
23.9664,120.9695,20
23.5,121,200
23.5,121,200
23.5,121,200
24.0709,120.5419,50
23.5,121,200
24.1469,120.6839,50
24.1469,120.6839,50
23.707,120.3848,50
23.5,121,200
23.5,121,200
23.5,121,200
25.0478,121.5318,20
23.5,121,200
23.5,121,200
23.5,121,200
24.0709,120.5419,200
24.0709,120.5419,10
24.1469,120.6839,20
23.9059,120.6866,200
23.9059,120.6866,200
23.9059,120.6866,200
23.9059,120.6866,200
25.0478,121.5318,200
24.1469,120.6839,100
23.9059,120.6866,20
24.1469,120.6839,50
24.1469,120.6839,5
24.1469,120.6839,1
23.855,120.3209,50
24.1469,120.6839,1
24.1469,120.6839,100
23.5,121,200
23.9059,120.6866,1
23.5,121,200
24.0709,120.5419,10
23.5,121,200
23.9611,120.5721,20
24.0709,120.5419,10
24.0709,120.5419,1
23.5,121,200
23.5,121,200
24.0709,120.5419,10
23.9059,120.6866,1
23.9059,120.6866,20
23.5,121,200
23.5,121,200
24.757,121.753,1
25.0478,121.5318,1
25.0478,121.5318,20
25.0478,121.5318,1
25.0478,121.5318,10
24.9889,121.3176,1
24.9889,121.3176,100
23.5,121,200
24.9889,121.3176,1
25.0478,121.5318,20
25.0478,121.5318,100
23.5,121,200
25.0478,121.5318,10
24.8065,120.9706,50
24.8065,120.9706,50
24.9889,121.3176,50
24.8065,120.9706,50
23.9769,121.6044,100
25.0478,121.5318,1
25.0478,121.5318,20
24.9889,121.3176,10
23.5,121,200
24.8065,120.9706,1
24.8065,120.9706,1
25.0478,121.5318,50
24.8065,120.9706,200
25.0478,121.5318,1
24.8065,120.9706,1
24.6742,121.1611,20
24.8065,120.9706,1
24.8065,120.9706,1
25.0478,121.5318,50
24.9889,121.3176,5
24.8065,120.9706,5
24.8065,120.9706,5
24.8065,120.9706,20
23.5,121,200
25.0478,121.5318,20
25.0478,121.5318,20
24.9889,121.3176,20
25.0478,121.5318,20
25.0478,121.5318,1
24.8065,120.9706,5
24.8065,120.9706,1
25.0478,121.5318,50
23.5,121,200
25.0478,121.5318,1
24.8065,120.9706,1
25.0478,121.5318,1
24.0709,120.5419,1
24.1469,120.6839,100
23.9611,120.5721,1
24.9889,121.3176,100
24.0709,120.5419,100
23.9611,120.5721,50
24.0709,120.5419,1
24.1469,120.6839,1
23.5,121,200
24.0709,120.5419,10
23.9793,120.6841,10
23.9059,120.6866,10
23.9059,120.6866,1
24.1469,120.6839,100
23.6496,120.505,10
23.707,120.3848,1
24.5643,120.8237,20
23.5,121,200
24.1469,120.6839,1
24.6039,120.819,10
23.5,121,200
23.7572,120.3222,10
23.707,120.3848,20
23.5,121,200
23.1475,120.4699,50
25.0478,121.5318,1
23.707,120.3848,20
23.6496,120.505,20
23.707,120.3848,20
23.707,120.3848,20
23.5,121,200
23.707,120.3848,50
23.707,120.3848,1
24.0709,120.5419,10
23.5992,120.1922,50
23.5,121,200
24.0709,120.5419,100
24.0709,120.5419,10
23.5,121,200
25.0478,121.5318,200
23.5,121,200
24.8065,120.9706,5
24.9889,121.3176,50
24.8065,120.9706,50
24.8065,120.9706,100
24.8065,120.9706,1
24.8065,120.9706,1
24.0709,120.5419,100
24.8065,120.9706,1
24.8065,120.9706,1
25.0478,121.5318,20
25.0478,121.5318,200
25.0478,121.5318,20
25.0478,121.5318,1
25.0478,121.5318,100
25.0478,121.5318,1
24.9889,121.3176,1
24.9889,121.3176,1
24.8065,120.9706,50
25.0478,121.5318,50
23.5,121,200
23.5,121,200
25.0478,121.5318,1
24.9889,121.3176,20
24.9889,121.3176,1
24.9633,121.2403,10
24.9889,121.3176,20
25.0478,121.5318,1
25.0478,121.5318,1
24.8065,120.9706,50
25.0478,121.5318,1
25.0478,121.5318,10
25.0478,121.5318,20
25.0478,121.5318,5
23.5,121,200
25.0478,121.5318,1
23.5,121,200
23.5,121,200
25.0478,121.5318,1
23.57,119.57,100
24.3037,120.8043,200
23.5,121,200
23.5,121,200
23.57,119.57,100
23.5,121,200
22.6714,120.4881,1
22.9908,120.2133,50
23.5,121,200
22.6714,120.4881,20
22.6148,120.3139,50
22.6148,120.3139,1
22.6148,120.3139,100
24.0709,120.5419,100
25.0478,121.5318,200
22.6148,120.3139,50
22.6148,120.3139,1
22.9908,120.2133,50
22.6148,120.3139,1
22.6148,120.3139,1
23.5,121,200
23.5,121,200
24.9889,121.3176,20
24.4341,118.3171,1
23.5,121,200
23.9059,120.6866,100
23.57,119.57,1
24.3037,120.8043,100
22.6148,120.3139,100
22.6148,120.3139,1
22.6148,120.3139,50
22.6148,120.3139,1
23.5,121,200
22.6148,120.3139,1
22.6148,120.3139,200
22.6148,120.3139,1
22.6148,120.3139,1
22.9908,120.2133,50
22.6148,120.3139,1
22.6148,120.3139,50
22.6148,120.3139,1
23.5,121,200
22.6148,120.3139,1
22.6714,120.4881,20
22.6148,120.3139,200
23.0598,121.3015,100
22.6148,120.3139,100
22.6148,120.3139,1
22.9908,120.2133,50
22.9908,120.2133,50
22.6148,120.3139,50
22.6148,120.3139,50
22.9908,120.2133,50
22.9908,120.2133,1
22.9908,120.2133,1
22.9908,120.2133,1
22.9908,120.2133,1
22.9908,120.2133,1
22.9908,120.2133,1
22.9908,120.2133,1
55.0794,38.7783,1
22.9908,120.2133,1
22.9908,120.2133,1
22.9908,120.2133,1
22.6148,120.3139,1
22.6148,120.3139,100
22.9908,120.2133,50
22.6148,120.3139,50
22.6148,120.3139,1
23.4792,120.4489,10
22.9908,120.2133,1
22.6148,120.3139,1
22.9908,120.2133,1
22.9908,120.2133,1
23.4792,120.4489,1
22.9908,120.2133,1
22.6148,120.3139,1
23.5,121,200
22.6148,120.3139,1
23.5,121,200
22.6148,120.3139,1
23.5,121,200
23.5,121,200
22.6148,120.3139,1
23.5,121,200
22.6148,120.3139,1
22.6148,120.3139,200
24.4341,118.3171,50
25.0478,121.5318,200
23.5,121,200
22.6148,120.3139,20
22.6148,120.3139,1
22.6148,120.3139,1
22.6148,120.3139,1
23.5,121,200
23.5,121,200
22.9908,120.2133,1
22.6148,120.3139,50
22.9908,120.2133,1
23.5,121,200
23.5,121,200
22.6148,120.3139,1
23.5,121,200
22.9908,120.2133,1
23.5,121,200
23.5,121,200
23.5,121,200
22.6148,120.3139,1
22.9908,120.2133,1
25.0478,121.5318,200
25.0478,121.5318,1
23.5,121,200
23.5,121,200
22.7599,121.1446,100
22.7599,121.1446,1
23.5,121,200
23.5,121,200
22.6148,120.3139,1
23.4792,120.4489,10
23.4792,120.4489,20
23.0981,120.2125,50
22.6148,120.3139,1
23.5,121,200
23.5,121,200
24.1469,120.6839,1
22.9908,120.2133,100
22.9908,120.2133,20
22.9908,120.2133,100
23.4792,120.4489,50
23.0981,120.2125,50
23.4792,120.4489,1
23.4792,120.4489,50
22.6148,120.3139,1
22.6148,120.3139,1
22.9908,120.2133,1
22.6148,120.3139,50
23.5,121,200
23.4792,120.4489,1
23.4792,120.4489,1
22.6148,120.3139,200
22.9908,120.2133,50
22.6148,120.3139,1
23.4792,120.4489,1
23.5,121,200
23.4792,120.4489,1
23.5,121,200
23.4633,120.5817,50
23.4792,120.4489,50
23.5,121,200
23.5,121,200
37.5112,126.9741,200
37.5112,126.9741,200
35.2716,128.6531,100
35.2716,128.6531,1
35.2716,128.6531,50
37.5112,126.9741,200
35.2716,128.6531,200
37.5112,126.9741,200
35.2716,128.6531,20
34.8736,128.3971,50
37.5112,126.9741,200
37.5112,126.9741,200
34.8659,128.6263,50
35.2716,128.6531,1
35.2716,128.6531,1
37.5112,126.9741,200
35.2719,128.8402,50
35.4933,128.7489,1000
35.2719,128.8402,5
35.1003,129.0442,20
37.5112,126.9741,200
36.0072,127.6614,1
37.5112,126.9741,200
37.5112,126.9741,200
34.8038,128.3891,1
35.2719,128.8402,1
37.5112,126.9741,200
34.8038,128.3891,50
37.5112,126.9741,200
37.5112,126.9741,200
37.5946,126.9712,10
37.5112,126.9741,200
37.5112,126.9741,200
35.1003,129.0442,1
37.5112,126.9741,200
35.1003,129.0442,1
37.5112,126.9741,200
37.5112,126.9741,200
35.1003,129.0442,1
37.5112,126.9741,200
37.5112,126.9741,200
37.5112,126.9741,200
35.1003,129.0442,10
37.5112,126.9741,200
35.1003,129.0442,1
35.1003,129.0442,1000
35.1003,129.0442,10
37.5112,126.9741,200
35.1003,129.0442,1
35.1003,129.0442,1
35.1003,129.0442,100
35.1003,129.0442,1
37.5112,126.9741,200
37.5112,126.9741,200
35.1003,129.0442,500
-33.494,143.2104,1000
-33.494,143.2104,1000
-37.6407,145.0282,50
-33.494,143.2104,1000
-33.494,143.2104,1000
-33.494,143.2104,1000
-33.494,143.2104,1000
-33.494,143.2104,1000
-33.494,143.2104,1000
-33.494,143.2104,1000
-27.4932,153.0369,1000
-33.494,143.2104,1000
-33.494,143.2104,1000
-33.494,143.2104,1000
-33.494,143.2104,1000
-33.494,143.2104,1000
-33.494,143.2104,1000
-33.494,143.2104,1000
-33.494,143.2104,1000
-33.494,143.2104,1000
-33.494,143.2104,1000
-27.5252,153.0041,50
-33.494,143.2104,1000
-27.6051,153.096,50
-33.494,143.2104,1000
-33.494,143.2104,1000
-33.7717,150.8385,100
-33.7717,150.8385,100
-33.7717,150.8385,100
-33.8255,151.1063,100
-33.7717,150.8385,100
-33.7717,150.8385,100
-33.7717,150.8385,100
-33.7717,150.8385,100
-33.7717,150.8385,100
-33.7717,150.8385,100
-33.7717,150.8385,100
-33.7717,150.8385,100
-33.494,143.2104,1000
-33.494,143.2104,1000
13.75,100.4667,500
13.75,100.4667,500
13.75,100.4667,500
13.75,100.4667,500
13.75,100.4667,500
13.75,100.4667,500
15.2384,104.8487,500
13.75,100.4667,500
13.75,100.4667,500
13.75,100.4667,500
13.4244,99.9569,500
13.75,100.4667,500
13.75,100.4667,500
13.75,100.4667,500
13.75,100.4667,500
13.75,100.4667,500
13.75,100.4667,500
13.754,100.5014,500
13.75,100.4667,500
13.75,100.4667,500
13.75,100.4667,500
17.1772,99.8064,500
13.75,100.4667,500
13.75,100.4667,500
13.75,100.4667,500
13.75,100.4667,500
13.75,100.4667,500
13.75,100.4667,500
16.295,102.6138,500
13.75,100.4667,500
13.75,100.4667,500
13.75,100.4667,500
13.75,100.4667,500
13.75,100.4667,500
13.7618,100.5324,500
13.75,100.4667,500
13.75,100.4667,500
13.75,100.4667,500
13.75,100.4667,500
13.75,100.4667,500
13.75,100.4667,500
14.2617,99.4036,500
13.75,100.4667,500
13.75,100.4667,500
13.75,100.4667,500
13.75,100.4667,500
13.75,100.4667,500
13.75,100.4667,500
13.75,100.4667,500
13.75,100.4667,500
13.7594,100.4889,500
13.75,100.4667,500
13.75,100.4667,500
13.75,100.4667,500
13.75,100.4667,500
13.75,100.4667,500
13.75,100.4667,500
8.0726,98.9105,500
13.75,100.4667,500
13.75,100.4667,500
13.75,100.4667,500
14.0499,101.3686,500
13.75,100.4667,500
13.75,100.4667,500
13.75,100.4667,500
13.75,100.4667,500
13.75,100.4667,500
13.75,100.4667,500
13.75,100.4667,500
17.4833,101.7167,500
13.75,100.4667,500
13.75,100.4667,500
13.75,100.4667,500
13.75,100.4667,500
13.75,100.4667,500
13.75,100.4667,500
17.4833,101.7167,500
13.75,100.4667,500
13.75,100.4667,500
13.75,100.4667,500
13.5475,100.2736,500
13.75,100.4667,500
13.75,100.4667,500
13.75,100.4667,500
13.75,100.4667,500
13.75,100.4667,500
13.75,100.4667,500
13.75,100.4667,500
13.75,100.4667,500
13.754,100.5014,500
13.75,100.4667,500
13.75,100.4667,500
13.75,100.4667,500
13.75,100.4667,500
13.75,100.4667,500
13.7618,100.5324,500
13.75,100.4667,500
13.75,100.4667,500
13.75,100.4667,500
13.75,100.4667,500
12.9333,100.8833,500
13.75,100.4667,500
13.75,100.4667,500
13.75,100.4667,500
13.75,100.4667,500
13.75,101.35,100
13.75,100.4667,500
13.75,100.4667,500
13.75,100.4667,500
13.75,100.4667,500
13.75,100.4667,500
13.75,100.4667,500
15.0598,102.2215,500
15.0598,102.2215,500
13.75,100.4667,500
13.75,100.4667,500
13.75,100.4667,500
13.75,100.4667,500
13.75,100.4667,500
8.7,98.25,500
8.7,98.25,500
13.75,100.4667,500
13.75,100.4667,500
13.75,100.4667,500
13.75,100.4667,500
13.75,100.4667,500
13.75,100.4667,500
13.75,100.4667,500
13.75,100.4667,500
13.75,100.4667,500
13.7594,100.4889,500
13.75,100.4667,500
13.75,100.4667,500
13.75,100.4667,500
13.75,100.4667,500
17.4157,102.7859,500
13.75,100.4667,500
13.75,100.4667,500
13.75,100.4667,500
13.75,100.4667,500
13.75,100.4667,500
13.75,100.4667,500
7.8333,98.3833,500
13.75,100.4667,500
13.75,100.4667,500
13.75,100.4667,500
19.3085,97.9653,500
13.75,100.4667,500
13.75,100.4667,500
13.75,100.4667,500
13.75,100.4667,500
13.75,100.4667,500
13.75,100.4667,500
13.75,100.4667,500
13.75,100.4667,500
16.4792,104.6583,500
13.75,100.4667,500
13.75,100.4667,500
13.75,100.4667,500
7.8333,98.3833,500
13.75,100.4667,500
13.75,100.4667,500
13.75,100.4667,500
13.75,100.4667,500
16.4792,104.6583,500
13.75,100.4667,500
13.75,100.4667,500
13.4244,99.9569,500
13.75,100.4667,500
13.75,100.4667,500
13.75,100.4667,500
13.75,100.4667,500
13.75,100.4667,500
13.75,100.4667,500
13.75,100.4667,500
13.75,100.4667,500
13.75,100.4667,500
12.9333,100.8833,500
13.75,100.4667,500
13.75,100.4667,500
13.75,100.4667,500
13.75,100.4667,500
13.75,100.4667,500
13.75,100.4667,500
13.75,100.4667,500
13.75,100.4667,500
15.3667,100.05,500
13.75,100.4667,500
13.75,100.4667,500
13.75,100.4667,500
13.75,100.4667,500
13.75,100.4667,500
18.2983,99.5072,500
13.75,100.4667,500
13.75,100.4667,500
13.75,100.4667,500
18.5811,99.0092,500
13.75,100.4667,500
13.75,100.4667,500
13.75,100.4667,500
13.75,100.4667,500
13.75,100.4667,500
13.75,100.4667,500
13.75,100.4667,500
6.9292,99.8708,500
13.75,100.4667,500
13.75,100.4667,500
19.9,99.8333,500
13.75,100.4667,500
13.75,100.4667,500
13.75,100.4667,500
13.75,100.4667,500
13.8141,102.0722,500
13.75,100.4667,500
13.75,100.4667,500
13.75,100.4667,500
13.75,100.4667,500
13.75,100.4667,500
13.75,100.4667,500
13.75,100.4667,500
13.75,100.4667,500
13.75,100.4667,500
13.75,100.4667,500
15.7953,104.1494,500
13.75,100.4667,500
13.75,100.4667,500
17.6256,100.0942,500
13.75,100.4667,500
13.75,100.4667,500
13.75,100.4667,500
13.75,100.4667,500
13.75,100.4667,500
13.75,100.4667,500
13.75,100.4667,500
13.75,100.4667,500
7.1988,100.5951,500
7.1988,100.5951,500
13.75,100.4667,500
13.75,100.4667,500
13.75,100.4667,500
13.75,100.4667,500
13.75,100.4667,500
13.75,100.4667,500
13.75,100.4667,500
13.75,100.4667,500
13.75,100.4667,500
13.75,100.4667,500
13.75,100.4667,500
13.75,100.4667,500
18.5811,99.0092,500
13.75,100.4667,500
13.75,100.4667,500
13.75,100.4667,500
13.75,100.4667,500
13.75,100.4667,500
13.75,100.4667,500
18.2983,99.5072,500
18.2983,99.5072,500
13.75,100.4667,500
13.75,100.4667,500
13.75,100.4667,500
13.75,100.4667,500
13.75,100.4667,500
13.75,100.4667,500
13.75,100.4667,500
13.75,100.4667,500
13.75,100.4667,500
13.75,100.4667,500
18.791,98.9782,500
18.791,98.9782,500
13.75,100.4667,500
13.75,100.4667,500
13.75,100.4667,500
13.75,100.4667,500
13.75,100.4667,500
13.75,100.4667,500
18.791,98.9782,500
18.791,98.9782,500
13.75,100.4667,500
13.75,100.4667,500
13.75,100.4667,500
13.75,100.4667,500
13.75,100.4667,500
16.8333,100.25,1
13.75,100.4667,500
13.75,100.4667,500
13.75,100.4667,500
14.4742,100.1222,500
17.1336,102.9675,500
14.4742,100.1222,500
13.8667,100.1917,20
13.733,100.4865,20
18.3264,99.3478,1000
13.733,100.4865,20
13.75,100.4667,500
13.75,100.4667,500
31.0449,121.4012,1000
39.9288,116.3889,1000
40.6522,109.8222,1000
31.0449,121.4012,1000
39.9288,116.3889,100
39.9288,116.3889,100
39.9288,116.3889,100
39.1423,117.1726,100
39.1423,117.1726,100
43.8073,87.6305,100
39.1423,117.1726,100
39.9288,116.3889,100
41.1236,122.99,100
41.7806,123.4312,100
41.1236,122.99,100
41.1236,122.99,100
39.9288,116.3889,100
39.9288,116.3889,100
40.6522,109.8222,50
40.6522,109.8222,50
40.8106,111.6522,1
40.6522,109.8222,50
40.6522,109.8222,50
23.1167,113.25,50
34.7725,113.7266,50
22.8137,108.3146,50
22.8137,108.3146,50
34.7725,113.7266,50
34.7725,113.7266,50
22.8137,108.3146,50
13.35,74.7833,500
18.9721,72.8246,1000
13.35,74.7833,5
13.35,74.7833,1000
28.669,77.222,1000
13.35,74.75,1000
13.35,74.7833,5
13.35,74.7833,1
12.9833,77.5833,200
13.35,74.7833,1000
20,77,1000
13.35,74.7833,1
12.55,77.4167,1000
18.9721,72.8246,20
20,77,1000
18.9721,72.8246,20
18.9721,72.8246,20
18.9721,72.8246,20
19.0368,73.0158,20
18.9721,72.8246,20
19.2167,73.15,20
18.9721,72.8246,20
18.9721,72.8246,20
18.75,73.4167,100
18.9721,72.8246,100
18.5332,73.8626,100
18.5332,73.8626,100
18.9721,72.8246,20
18.9721,72.8246,20
18.5332,73.8626,20
12.9833,77.5833,1
18.5332,73.8626,1000
12.8639,74.8353,50
12.8639,74.8353,50
26.8825,88.2773,1000
31.6331,74.8656,1
19.0368,73.0158,1000
31.5167,75.3044,1000
31.6331,74.8656,1000
31.5167,75.3044,1000
20,77,1000
20,77,1000
28.6014,77.1989,20
20,77,1000
19.25,73.15,50
18.9721,72.8246,50
18.5332,73.8626,50
18.9721,72.8246,50
18.9721,72.8246,50
19.0368,73.0158,50
18.9721,72.8246,50
18.9721,72.8246,50
19.0833,74.7333,200
18.5332,73.8626,200
19.0833,74.7333,200
18.9721,72.8246,200
19.0833,74.7333,200
20,77,1000
20,77,1000
20,77,1000
22.572,88.367,1000
22.5892,88.3103,500
18.5332,73.8626,500
22.572,88.367,500
19.0368,73.0158,500
18.5332,73.8626,500
16.7167,77.8906,500
17.4334,78.4111,10
16.7167,77.8906,100
19.0368,73.0158,10
18.9833,73.1,10
19.0368,73.0158,10
19.0368,73.0158,10
18.9721,72.8246,20
19.0368,73.0158,10
19.0368,73.0158,20
19.0368,73.0158,20
19.0368,73.0158,20
19.0368,73.0158,20
19.0368,73.0158,20
19.0368,73.0158,20
19.0368,73.0158,10
18.9721,72.8246,20
18.9721,72.8246,20
18.9721,72.8246,20
18.9721,72.8246,20
19.0368,73.0158,20
18.9721,72.8246,20
18.9721,72.8246,50
19.2,72.9667,20
19.2167,73.0833,50
19.2167,73.0833,50
18.9721,72.8246,50
19.2167,73.0833,50
19.15,73.2667,50
19.2167,73.0833,50
18.9721,72.8246,50
19.2167,73.0833,10
19.2167,73.0833,20
13.35,74.7833,500
13.35,74.75,500
13.35,74.7833,500
13.35,74.75,500
19.9973,73.791,500
19.9973,73.791,500
13.2,74.9833,500
20,77,1000
13.3422,77.1017,1000
12.3072,76.6497,1
13.35,74.7833,1
12.9833,77.5833,100
12.9833,77.5833,200
12.9833,77.5833,1
12.9833,77.5833,1
12.9833,77.5833,1
27.3333,88.6167,200
28.4333,77.3167,500
26.9167,75.8167,500
20,77,1000
19.0368,73.0158,20
20,77,1000
19.0368,73.0158,20
20,77,1000
19.0368,73.0158,20
19.0368,73.0158,20
19.0368,73.0158,20
19.2,72.9667,20
19.0368,73.0158,20
19.0368,73.0158,20
18.9721,72.8246,20
19.0368,73.0158,20
19.0368,73.0158,20
19.0368,73.0158,20
19.0368,73.0158,20
20,77,1000
22.572,88.367,500
27.3333,88.6167,500
27.3333,88.6167,500
20,77,1000
12.9833,77.5833,1000
19.9973,73.791,1
20,77,1000
12.9833,77.5833,200
13.9222,75.5736,1
20,77,1000
12.9833,77.5833,200
12.9833,77.5833,1000
20,77,1000
20,77,1000
18.5332,73.8626,100
18.9721,72.8246,20
19.0368,73.0158,20
18.5332,73.8626,100
18.9721,72.8246,1
19.0368,73.0158,1
18.9721,72.8246,20
17.6833,75.9167,1
17.6833,75.9167,1
17.6833,75.9167,1
17.6833,75.9167,1
17.6833,75.9167,1
17.6833,75.9167,1
17.6833,75.9167,1
17.6833,75.9167,1
17.6833,75.9167,1
18.9721,72.8246,20
18.9721,72.8246,20
19.0368,73.0158,20
18.9721,72.8246,20
19.0368,73.0158,20
19.2,72.9833,20
19.2,72.9833,20
19.9973,73.791,20
19.2,72.9833,20
20,77,1000
12.9833,77.5833,1000
20,77,1000
20,77,1000
19.9833,73.8,100
19.2167,73.0833,100
19.0368,73.0158,100
19.9833,73.8,100
19.0368,73.0158,20
20,77,1000
20,77,1000
18.5332,73.8626,200
17.6833,73.9833,1000
19.7167,74.4833,1000
19.7167,74.4833,1000
19.7167,74.4833,1000
18.5332,73.8626,1000
18.5332,73.8626,500
15.4833,73.8333,500
15.4833,73.8333,500
18.5332,73.8626,1000
18.5332,73.8626,1000
18.5332,73.8626,1000
18.5332,73.8626,1000
18.5332,73.8626,500
19.2,72.9667,500
18.5332,73.8626,200
18.5332,73.8626,1000
18.5332,73.8626,1000
18.5332,73.8626,1000
18.9721,72.8246,1000
18.9721,72.8246,1000
18.9721,72.8246,1000
21.0486,76.5344,1000
18.9721,72.8246,500
19.0833,74.7333,500
22.4167,74.5667,500
18.5332,73.8626,500
16.0333,73.6833,1000
19.8833,75.3333,500
18.5332,73.8626,200
18.5332,73.8626,200
18.5332,73.8626,200
18.5332,73.8626,200
18.5332,73.8626,200
18.5332,73.8626,200
19.15,77.3333,200
18.5332,73.8626,200
18.5332,73.8626,200
19.85,74,200
18.5332,73.8626,200
17.6833,75.9167,200
18.5332,73.8626,200
18.5332,73.8626,500
15.55,73.7667,500
18.5332,73.8626,500
18.5332,73.8626,500
18.5332,73.8626,1000
18.5332,73.8626,1000
18.5332,73.8626,1000
18.5332,73.8626,1000
18.5332,73.8626,1000
18.5332,73.8626,200
18.5332,73.8626,100
19.5667,74.2167,100
18.5332,73.8626,200
18.5332,73.8626,200
18.5332,73.8626,200
18.5332,73.8626,200
18.5332,73.8626,1000
16.7,74.2167,200
18.5332,73.8626,200
18.5332,73.8626,200
18.5332,73.8626,200
18.5332,73.8626,200
18.5332,73.8626,200
18.5332,73.8626,200
18.5332,73.8626,200
18.5332,73.8626,200
18.5332,73.8626,200
18.5332,73.8626,200
18.5332,73.8626,200
20,77,1000
23.1667,79.95,500
22.9667,76.0667,500
22.9667,76.0667,500
22.9667,76.0667,500
22.9667,76.0667,500
22.9667,76.0667,500
23.2667,77.4,500
22.9667,76.0667,500
22.9667,76.0667,500
22.0833,82.15,500
26.9167,75.8167,500
22.7165,75.8307,500
22.7165,75.8307,500
21.2333,81.6333,500
23.2667,77.4,500
27.3,75.95,500
23.2667,77.4,500
23.2667,77.4,500
26.2236,78.1792,500
23.2667,77.4,500
23.2667,77.4,500
23.1667,79.95,200
22.7165,75.8307,500
23.2667,77.4,200
24.0667,75.0667,500
24.0667,75.0667,500
22.7165,75.8307,500
24.0667,75.0667,500
24.0667,75.0667,500
26.2236,78.1792,1000
22.75,77.7833,500
23.2667,77.4,500
23.2667,77.4,500
18.5332,73.8626,500
15.1667,73.9833,1000
18.5332,73.8626,1000
18.5332,73.8626,100
15.4833,73.8333,200
18.15,74.5833,200
19.3,73.0667,1000
28.4666,77.0309,100
28.669,77.222,100
28.4666,77.0309,100
29.3889,76.9681,100
29.3889,76.9681,100
28.669,77.222,500
28.6667,77.4333,20
28.6014,77.1989,1000
28.669,77.222,500
28.669,77.222,500
28.669,77.222,500
28.669,77.222,500
28.669,77.222,500
28.669,77.222,500
29.7,75.9,100
28.9833,77.0167,50
27.8833,78.0833,100
29.3889,76.9681,500
29.9657,76.837,200
29.9657,76.837,200
25.6005,85.1147,200
18.5332,73.8626,1000
15.5833,73.7333,1000
18.5332,73.8626,100
18.5332,73.8626,100
18.5332,73.8626,100
18.5332,73.8626,100
18.5332,73.8626,100
18.5332,73.8626,100
18.9721,72.8246,100
18.5332,73.8626,1000
18.5332,73.8626,1000
18.5332,73.8626,1000
18.5332,73.8626,1000
18.5332,73.8626,200
19.0833,74.7333,100
18.5332,73.8626,1000
18.9721,72.8246,200
18.5332,73.8626,200
18.5332,73.8626,200
20,77,1000
34.0922,74.8022,200
32.736,74.8656,50
22.572,88.367,200
22.572,88.367,500
22.572,88.367,500
22.572,88.367,500
22.572,88.367,500
22.572,88.367,200
26.7161,88.4236,500
23.65,88.1333,500
22.572,88.367,500
26.1833,91.7333,500
22.572,88.367,500
22.572,88.367,500
22.572,88.367,500
22.572,88.367,500
22.572,88.367,500
22.572,88.367,500
23.65,88.1333,500
20.2329,85.8353,100
32.736,74.8656,100
32.736,74.8656,200
22.7,88.45,500
20.2329,85.8353,500
22.572,88.367,100
22.572,88.367,100
22.572,88.367,500
20.2329,85.8353,500
26.7161,88.4236,200
22.572,88.367,200
22.572,88.367,500
22.572,88.367,500
22.572,88.367,500
20.5,85.8333,20
22.572,88.367,200
20,77,1000
32.736,74.8656,500
28.669,77.222,500
28.6014,77.1989,1000
28.669,77.222,500
25.6005,85.1147,500
26.8509,80.916,1000
28.669,77.222,500
28.4333,77.3167,500
28.6014,77.1989,500
25.6005,85.1147,500
29.1667,75.7167,1000
28.6014,77.1989,500
28.6014,77.1989,200
45.75,126.65,50
45.75,126.65,50
46.6395,126.9951,1000
45.75,126.65,50
45.75,126.65,1000
45.75,126.65,500
46.6395,126.9951,500
45.75,126.65,1000
45.75,126.65,1
45.75,126.65,50
34.6836,113.5325,10
34.6836,113.5325,50
34.6836,113.5325,1
34.6836,113.5325,50
34.6836,113.5325,50
34.6836,113.5325,20
32.1228,114.0656,200
35.7051,115.0141,1000
33.7385,113.3012,500
34.1628,113.4639,500
34.6836,113.5325,500
34.6836,113.5325,500
33.7385,113.3012,500
34.6836,113.5325,500
33.7385,113.3012,500
34.6836,113.5325,1000
34.6836,113.5325,1000
34.6836,113.5325,1000
34.6836,113.5325,50
34.6836,113.5325,50
31.5689,120.2886,1000
34.6836,113.5325,50
34.6836,113.5325,50
34.6836,113.5325,50
34.6836,113.5325,50
34.6836,112.4536,500
39.1423,117.1726,1000
34.6836,113.5325,1000
33.5639,114.0427,1000
34.6836,113.5325,1000
34.6836,113.5325,1000
34.6836,113.5325,50
34.6836,113.5325,1000
33.6333,114.6333,50
34.6836,113.5325,50
34.5366,113.3753,1000
34.6836,113.5325,50
34.6836,112.4536,100
34.6836,113.5325,50
39.1423,117.1726,1000
31.8962,121.1727,500
32.0617,118.7778,1000
32.0617,118.7778,1000
34.6836,113.5325,1000
32.0617,118.7778,1000
32.0617,118.7778,1000
34.6836,113.5325,50
34.6836,113.5325,1000
34.6836,113.5325,50
34.6836,113.5325,50
34.6836,113.5325,1000
34.6836,113.5325,1000
34.6836,112.4536,1
23.5,121,200
22.6148,120.3139,200
24.1469,120.6839,100
22.9908,120.2133,100
22.9908,120.2133,100
24.9889,121.3176,1000
25.0478,121.5318,1000
23.5,121,200
24.1469,120.6839,100
25.0478,121.5318,200
23.4792,120.4489,200
22.6148,120.3139,1000
22.9908,120.2133,1000
22.6148,120.3139,1000
22.6148,120.3139,1000
22.6714,120.4881,1000
22.6148,120.3139,1000
24.0709,120.5419,1000
22.6714,120.4881,50
22.6714,120.4881,50
22.9908,120.2133,50
24.1469,120.6839,100
24.1469,120.6839,1
22.6148,120.3139,100
22.6148,120.3139,50
24.1469,120.6839,1000
24.1469,120.6839,100
24.1469,120.6839,100
22.9908,120.2133,50
24.1469,120.6839,100
23.5,121,200
23.5,121,200
25.0478,121.5318,50
25.0478,121.5318,1000
25.0478,121.5318,1000
24.1718,120.9133,1000
25.0478,121.5318,1000
24.9889,121.3176,1000
25.0478,121.5318,200
24.8065,120.9706,100
25.0478,121.5318,50
25.0478,121.5318,50
24.8065,120.9706,50
25.0478,121.5318,50
25.0478,121.5318,20
24.9889,121.3176,20
25.0478,121.5318,1
25.0478,121.5318,20
25.0478,121.5318,20
25.0478,121.5318,20
25.0478,121.5318,20
24.9889,121.3176,100
25.0478,121.5318,20
25.0478,121.5318,50
24.1469,120.6839,50
25.0478,121.5318,50
25.0478,121.5318,50
24.8065,120.9706,50
25.0478,121.5318,50
23.5,121,200
37.5112,126.9741,200
39.9288,116.3889,1
39.9288,116.3889,20
39.9288,116.3889,50
39.9288,116.3889,1
39.9288,116.3889,1000
23.1167,113.25,1000
39.9288,116.3889,1
39.9288,116.3889,50
39.9288,116.3889,1
39.9288,116.3889,1
39.904,116.6618,1
39.9288,116.3889,1
39.9288,116.3889,1
39.9288,116.3889,1
39.9288,116.3889,1
39.9288,116.3889,1
39.9288,116.3889,1
39.687,115.9966,50
39.9288,116.3889,50
39.9288,116.3889,50
26.5833,106.7167,1
26.5833,106.7167,200
26.5833,106.7167,100
26.5833,106.7167,1
26.5833,106.7167,1
26.5833,106.7167,1
26.5833,106.7167,100
26.5833,106.7167,1
26.5833,106.7167,1000
26.5833,106.7167,1
26.5833,106.7167,50
26.5833,106.7167,100
27.6867,106.9072,1
26.5833,106.7167,50
26.5833,106.7167,50
26.5833,106.7167,50
26.5833,106.7167,50
26.5833,106.7167,50
26.5833,106.7167,50
26.5858,107.9797,1
26.5833,106.7167,50
26.5833,106.7167,50
37.5112,126.9741,200
37.5112,126.9741,200
37.5112,126.9741,200
37.5112,126.9741,200
37.4988,126.7827,20
37.5112,126.9741,200
37.5112,126.9741,200
37.5112,126.9741,200
37.5985,126.9783,10
37.5082,127.1179,20
37.5112,126.9741,200
37.5112,126.9741,200
37.761,126.7727,200
37.5112,126.9741,200
37.5112,126.9741,200
37.4979,126.8592,5
37.5112,126.9741,200
37.5469,127.0841,10
37.5112,126.9741,200
37.5112,126.9741,200
37.4562,126.7288,1
37.5112,126.9741,200
37.5112,126.9741,200
37.5112,126.9741,200
37.5112,126.9741,200
37.5112,126.9741,200
37.4687,126.9458,50
37.5112,126.9741,200
37.5112,126.9741,200
37.5112,126.9741,200
37.4562,126.7288,1
37.5112,126.9741,200
37.5112,126.9741,200
37.5112,126.9741,200
37.3424,126.9222,200
37.5112,126.9741,200
35.1003,129.0442,1
37.5112,126.9741,200
37.5112,126.9741,200
37.5234,126.9084,10
37.5112,126.9741,200
37.5112,126.9741,200
37.5112,126.9741,200
37.5112,126.9741,200
35.1003,129.0442,1000
37.5112,126.9741,200
37.5985,126.9783,20
37.5112,126.9741,200
37.5112,126.9741,200
37.5833,127.1333,1
37.5112,126.9741,200
37.5112,126.9741,200
37.5112,126.9741,200
37.6531,127.0725,20
37.5112,126.9741,200
37.5985,126.9783,50
37.5112,126.9741,200
37.5985,126.9783,200
37.5112,126.9741,200
37.4954,127.0621,10
37.5112,126.9741,200
37.5112,126.9741,200
35.1496,126.9156,1
37.4388,127.1396,50
37.5112,126.9741,200
37.5112,126.9741,200
37.6367,127.2183,1000
37.4562,126.7288,10
37.5112,126.9741,200
35.1003,129.0442,1
37.5112,126.9741,200
37.5112,126.9741,200
37.5985,126.9783,1
37.5112,126.9741,200
37.5819,127.0541,1000
37.5112,126.9741,200
37.5112,126.9741,200
35.1003,129.0442,20
37.5112,126.9741,200
37.2859,127.0099,20
37.5985,126.9783,20
37.5112,126.9741,200
37.5112,126.9741,200
37.5112,126.9741,200
36.3214,127.4197,100
37.5469,127.0841,100
37.5112,126.9741,200
37.5112,126.9741,200
37.5112,126.9741,200
37.5985,126.9783,100
37.5112,126.9741,200
37.5985,126.9783,10
37.4954,127.0621,10
37.5112,126.9741,200
37.5112,126.9741,200
37.5112,126.9741,200
37.5985,126.9783,1
37.5521,127.0399,20
37.5112,126.9741,200
37.5112,126.9741,200
37.5984,127.0911,5
37.5112,126.9741,200
37.5112,126.9741,200
37.5112,126.9741,200
35.2081,128.5725,200
37.5112,126.9741,200
37.6367,127.2183,20
37.6367,127.2183,20
37.5985,126.9783,20
37.6367,127.2183,20
37.6367,127.2183,20
37.5177,126.8479,200
35.1003,129.0442,200
37.3907,126.9167,500
37.5985,126.9783,20
37.5112,126.9741,200
36.3214,127.4197,100
36.8063,127.1523,100
37.2859,127.0099,100
37.2859,127.0099,100
37.5112,126.9741,200
37.5112,126.9741,200
36.8553,126.9537,100
37.4979,126.8592,100
36.6349,127.4706,100
37.4979,126.8592,100
37.5112,126.9741,200
37.5112,126.9741,200
35.8428,129.2117,50
37.5112,126.9741,200
37.5112,126.9741,200
37.8944,127.1992,20
37.4562,126.7288,1000
37.5112,126.9741,200
37.5112,126.9741,200
37.603,127.0115,100
37.5112,126.9741,200
37.5112,126.9741,200
37.5112,126.9741,200
37.5985,126.9783,20
37.5112,126.9741,200
37.2336,127.201,1000
37.5112,126.9741,200
37.3631,126.9912,20
37.5112,126.9741,200
37.5112,126.9741,200
37.5112,126.9741,200
37.5985,126.9783,50
37.5112,126.9741,200
37.5112,126.9741,200
37.4954,127.0621,10
37.5985,126.9783,20
37.62,126.7181,1
37.603,127.0115,1
37.5985,126.9783,5
37.5112,126.9741,200
37.5112,126.9741,200
37.5112,126.9741,200
35.8723,128.3333,1
37.5112,126.9741,200
37.5112,126.9741,200
37.5112,126.9741,200
37.3907,126.9167,50
37.5112,126.9741,200
37.5112,126.9741,200
35.8428,129.2117,200
37.5112,126.9741,200
37.4988,126.7827,1
37.5781,126.9351,5
37.4388,127.1396,1
37.5112,126.9741,200
37.5112,126.9741,200
37.5112,126.9741,200
37.5112,126.9741,200
37.4388,127.1396,50
37.761,126.7727,20
35.5335,129.3173,100
37.5082,127.1179,5
37.5082,127.1179,5
37.5333,126.95,5
37.5082,127.1179,5
37.5112,126.9741,200
37.5112,126.9741,200
37.5985,126.9783,20
37.5985,126.9783,20
37.4954,127.0621,10
37.5112,126.9741,200
37.5112,126.9741,200
37.3907,126.9167,50
36.6092,127.2919,100
37.5112,126.9741,200
35.8217,127.1453,10
37.5112,126.9741,200
37.5112,126.9741,200
36.8553,126.9537,1
37.5112,126.9741,200
37.5112,126.9741,200
37.5112,126.9741,200
37.5112,126.9741,200
37.5112,126.9741,200
35.1003,129.0442,200
37.5112,126.9741,200
37.5112,126.9741,200
37.5112,126.9741,200
37.5112,126.9741,200
37.5504,127.1455,5
37.5112,126.9741,200
33.2486,126.5628,1
37.5112,126.9741,200
37.5112,126.9741,200
37.5112,126.9741,200
37.5112,126.9741,200
37.5112,126.9741,200
37.5112,126.9741,200
37.5112,126.9741,200
35.2719,128.8402,1000
37.5112,126.9741,200
37.5112,126.9741,200
37.4562,126.7288,20
37.5112,126.9741,200
37.5985,126.9783,200
37.5112,126.9741,200
37.2336,127.201,100
37.5985,126.9783,10
37.41,127.2572,50
36.6349,127.4706,100
37.5112,126.9741,200
37.6564,126.835,20
37.5112,126.9741,200
37.4988,126.7827,20
37.5112,126.9741,200
37.6564,126.835,50
37.2336,127.201,50
37.5112,126.9741,200
35.8723,128.5924,200
37.5112,126.9741,200
37.5112,126.9741,200
37.5469,127.0841,10
37.5112,126.9741,200
37.5112,126.9741,200
37.4562,126.7288,20
37.5112,126.9741,200
37.62,126.7181,50
37.6367,127.2183,20
37.5228,127.2039,20
37.4954,127.0621,1
35.1003,129.0442,20
36.8063,127.1523,1000
37.3907,126.9167,50
37.761,126.7727,50
37.5112,126.9741,200
37.5781,126.9351,1000
37.5112,126.9741,200
37.5112,126.9741,200
35.2716,128.6531,1000
37.5112,126.9741,200
37.5985,126.9783,200
37.5112,126.9741,200
37.4954,127.0621,10
37.5112,126.9741,200
37.5112,126.9741,200
37.5985,126.9783,20
37.3244,126.8237,20
37.3244,126.8237,20
37.3244,126.8237,20
37.5946,126.9712,1
37.5234,126.9084,50
37.5112,126.9741,200
37.5112,126.9741,200
37.5112,126.9741,200
37.5112,126.9741,200
37.62,126.7181,200
37.5112,126.9741,200
37.5112,126.9741,200
37.4954,127.0621,1
37.5112,126.9741,200
37.5112,126.9741,200
37.4954,127.0621,10
37.5985,126.9783,20
37.5112,126.9741,200
37.5985,126.9783,200
37.4388,127.1396,20
37.5984,127.0911,20
37.4388,127.1396,20
37.5112,126.9741,200
37.5112,126.9741,200
36.6092,127.2919,50
37.5112,126.9741,200
37.5112,126.9741,200
37.5112,126.9741,200
37.5985,126.9783,20
37.5112,126.9741,200
37.41,127.2572,20
37.4388,127.1396,1
37.4562,126.7288,20
37.5112,126.9741,200
37.4388,127.1396,20
37.4687,126.9458,20
37.4687,126.9458,20
37.5112,126.9741,200
37.5985,126.9783,1
37.3424,126.9222,100
37.5333,126.95,1000
36.6349,127.4706,50
37.5985,126.9783,1
37.5112,126.9741,200
37.5112,126.9741,200
37.5234,126.9084,500
35.2719,128.8402,500
37.5112,126.9741,200
37.5112,126.9741,200
37.6531,127.0725,50
37.5112,126.9741,200
37.5985,126.9783,100
37.5112,126.9741,200
37.5112,126.9741,200
37.5112,126.9741,200
36.7817,126.4522,100
37.5985,126.9783,1000
37.5112,126.9741,200
37.5112,126.9741,200
37.4562,126.7288,1000
37.5985,126.9783,5
37.5985,126.9783,20
37.5112,126.9741,200
37.6564,126.835,20
37.5112,126.9741,200
37.5112,126.9741,200
37.5234,126.9084,100
37.5112,126.9741,200
37.5112,126.9741,200
36.0292,129.3648,100
37.5112,126.9741,200
37.5112,126.9741,200
37.5112,126.9741,200
37.5333,126.95,10
37.5985,126.9783,20
37.6564,126.835,10
37.6564,126.835,10
37.6564,126.835,100
37.6564,126.835,20
37.6564,126.835,1000
37.6564,126.835,20
37.5082,127.1179,20
37.5985,126.9783,1000
37.6564,126.835,1
37.5112,126.9741,200
37.4954,127.0621,10
37.5112,126.9741,200
37.5112,126.9741,200
37.5112,126.9741,200
37.5112,126.9741,200
36.3214,127.4197,1
37.5112,126.9741,200
35.1003,129.0442,1
37.5985,126.9783,5
37.5112,126.9741,200
36.3214,127.4197,1
37.5112,126.9741,200
37.5112,126.9741,200
37.5112,126.9741,200
37.5985,126.9783,10
37.5985,126.9783,1000
37.5333,126.95,1000
37.5333,126.95,1000
37.5333,126.95,1000
37.5112,126.9741,200
37.5985,126.9783,1000
37.5985,126.9783,200
37.54,127.2056,20
37.8747,127.7342,50
37.5985,126.9783,1000
37.2859,127.0099,1000
37.5469,127.0841,1000
37.5333,126.95,1000
37.5469,127.0841,1000
37.5985,126.9783,1000
37.5112,126.9741,200
37.5985,126.9783,1000
36.9947,127.0889,50
37.5781,126.9351,5
37.5781,126.9351,5
37.4979,126.8592,5
37.5781,126.9351,5
37.5985,126.9783,1000
37.5112,126.9741,200
37.5333,126.95,10
37.6564,126.835,1000
37.5112,126.9741,200
37.6564,126.835,10
37.761,126.7727,20
37.6564,126.835,20
37.6564,126.835,1000
37.5112,126.9741,200
37.4388,127.1396,20
37.5112,126.9741,200
37.5333,126.95,10
37.5333,126.95,10
37.5985,126.9783,10
37.5985,126.9783,10
37.5985,126.9783,10
37.5333,126.95,10
37.5985,126.9783,10
37.5112,126.9741,200
37.3424,126.9222,5
37.5985,126.9783,1000
37.4954,127.0621,1000
37.5985,126.9783,1000
37.5985,126.9783,1000
37.3631,126.9912,50
37.5112,126.9741,200
37.3907,126.9167,5
37.3907,126.9167,1
35.1003,129.0442,100
37.5112,126.9741,200
37.5112,126.9741,200
33.4558,126.5393,1
37.5112,126.9741,200
37.5112,126.9741,200
35.9786,126.7114,200
37.5112,126.9741,200
37.5112,126.9741,200
37.5112,126.9741,200
37.5112,126.9741,200
37.5333,126.95,10
37.5112,126.9741,200
34.8038,128.3891,100
37.5112,126.9741,200
37.4388,127.1396,50
37.4562,126.7288,50
37.4954,127.0621,1000
37.5112,126.9741,200
37.5112,126.9741,200
33.2486,126.5628,1000
37.5112,126.9741,200
37.5112,126.9741,200
37.5112,126.9741,200
37.5112,126.9741,200
35.1496,126.9156,1
35.4469,126.5509,50
35.1496,126.9156,50
37.5112,126.9741,200
35.1496,126.9156,1
37.5112,126.9741,200
37.5985,126.9783,1
37.5112,126.9741,200
37.4388,127.1396,1000
37.5112,126.9741,200
35.1496,126.9156,1
37.5112,126.9741,200
37.5112,126.9741,200
37.4562,126.7288,1
37.5112,126.9741,200
37.5985,126.9783,1
37.5985,126.9783,1000
35.5335,129.3173,1
37.5112,126.9741,200
37.603,127.0115,1000
37.603,127.0115,1000
37.4954,127.0621,1000
37.4954,127.0621,10
37.5985,126.9783,1
37.5112,126.9741,200
37.5112,126.9741,200
37.5985,126.9783,20
37.5985,126.9783,50
37.4562,126.7288,50
37.4562,126.7288,50
37.2859,127.0099,1000
37.5112,126.9741,200
37.5985,126.9783,1000
37.5985,126.9783,1000
37.4954,127.0621,1000
37.5985,126.9783,1000
37.4954,127.0621,1000
37.5985,126.9783,1
37.5112,126.9741,200
37.2859,127.0099,100
37.4954,127.0621,100
37.4954,127.0621,100
37.4954,127.0621,100
37.1825,126.8783,200
36.2039,127.0847,200
37.5112,126.9741,200
36.3214,127.4197,20
36.6092,127.2919,1
37.4954,127.0621,1000
37.5819,127.0541,5
37.5112,126.9741,200
37.5985,126.9783,20
37.4094,127.1107,20
37.5985,126.9783,20
37.5985,126.9783,20
37.5985,126.9783,20
37.3424,126.9222,1
37.5112,126.9741,200
37.5112,126.9741,200
37.5985,126.9783,1
37.6531,127.0725,10
37.5112,126.9741,200
37.5985,126.9783,1
37.5985,126.9783,1
36.8063,127.1523,100
37.5985,126.9783,100
36.8063,127.1523,100
37.6531,127.0725,10
37.6531,127.0725,10
37.5985,126.9783,10
36.8063,127.1523,1000
37.5112,126.9741,200
36.8063,127.1523,10
37.5112,126.9741,200
36.7836,127.0042,10
36.2626,126.858,50
36.9167,126.6667,50
36.8063,127.1523,1
36.8079,126.9777,5
36.8063,127.1523,1
37.5112,126.9741,200
37.5112,126.9741,200
36.7836,127.0042,1000
36.5671,126.6263,1000
36.8063,127.1523,500
37.5112,126.9741,200
36.9167,126.6667,20
37.5112,126.9741,200
36.9167,126.6667,20
36.9167,126.6667,20
36.6092,127.2919,20
37.5112,126.9741,200
37.5112,126.9741,200
37.5112,126.9741,200
36.9947,127.0889,50
37.5112,126.9741,200
37.4562,126.7288,20
37.5112,126.9741,200
37.5112,126.9741,200
37.5985,126.9783,10
37.5985,126.9783,10
37.5985,126.9783,10
37.5521,127.0399,10
37.5985,126.9783,10
37.5112,126.9741,200
37.5985,126.9783,1
37.5985,126.9783,20
37.5112,126.9741,200
37.5985,126.9783,10
37.603,127.0115,5
37.6433,127.0077,5
37.5985,126.9783,1
37.5819,127.0541,5
37.5819,127.0541,5
37.5985,126.9783,5
37.5819,127.0541,5
37.5469,127.0841,10
37.5985,126.9783,1
37.5985,126.9783,10
37.603,127.0115,1
37.5985,126.9783,5
37.5985,126.9783,10
37.5985,126.9783,10
37.5469,127.0841,10
37.6531,127.0725,10
37.5985,126.9783,5
37.4954,127.0621,20
37.6531,127.0725,20
36.4556,127.1247,100
37.5469,127.0841,100
37.5985,126.9783,10
37.5469,127.0841,10
37.5985,126.9783,10
37.5985,126.9783,100
37.5985,126.9783,1
37.603,127.0115,10
37.5082,127.1179,10
37.5112,126.9741,200
37.5985,126.9783,1
37.5112,126.9741,200
37.6367,127.2183,5
37.5984,127.0911,1000
37.5985,126.9783,10
37.603,127.0115,1
37.5112,126.9741,200
37.5112,126.9741,200
37.4979,126.8592,1000
37.5112,126.9741,200
37.4687,126.9458,10
37.4687,126.9458,10
37.5985,126.9783,10
37.5112,126.9741,200
37.4954,127.0621,1000
37.5985,126.9783,10
37.5112,126.9741,200
37.5985,126.9783,10
37.5985,126.9783,200
37.5112,126.9741,200
37.4954,127.0621,10
37.5112,126.9741,200
37.5177,126.8479,10
37.5985,126.9783,10
37.5833,127.1333,20
37.5985,126.9783,1000
37.5112,126.9741,200
37.5112,126.9741,200
37.3244,126.8237,1000
37.4979,126.8592,20
37.4388,127.1396,20
37.5112,126.9741,200
37.5177,126.8479,1000
37.5112,126.9741,200
37.4388,127.1396,20
37.3244,126.8237,1
37.5112,126.9741,200
37.3244,126.8237,20
37.5112,126.9741,200
37.5112,126.9741,200
37.5985,126.9783,20
37.4461,126.8652,20
37.5985,126.9783,10
37.5985,126.9783,1
37.5112,126.9741,200
37.5985,126.9783,1000
37.5112,126.9741,200
37.4687,126.9458,10
37.5112,126.9741,200
37.5469,127.0841,10
37.5469,127.0841,1000
37.5985,126.9783,10
37.5112,126.9741,200
37.5985,126.9783,10
37.6531,127.0725,1
37.5984,127.0911,20
37.5985,126.9783,100
37.5985,126.9783,5
37.5112,126.9741,200
37.5469,127.0841,1000
37.6367,127.2183,1000
37.5469,127.0841,1000
37.5985,126.9783,5
37.5469,127.0841,1
37.5469,127.0841,1000
37.5819,127.0541,100
37.5819,127.0541,1000
37.5985,126.9783,1000
37.6433,127.0077,1000
37.5819,127.0541,5
37.5985,126.9783,1
37.5819,127.0541,5
37.5985,126.9783,20
37.5469,127.0841,10
37.5984,127.0911,10
37.4687,126.9458,10
37.5985,126.9783,10
37.5985,126.9783,10
37.5112,126.9741,200
37.5112,126.9741,200
50.0766,14.5148,50
47,8,50
50.0766,14.5148,50
47,8,50
50.0766,14.5148,50
47,8,50
50.0766,14.5148,50
50.0766,14.5148,50
47,8,50
47,8,50
47,8,50
50.0766,14.5148,50
47,8,50
50.0766,14.5148,50
47,8,50
50.0766,14.5148,50
47,8,50
50.0766,14.5148,50
47,8,50
50.0766,14.5148,50
47,8,50
50.0766,14.5148,50
47,8,50
50.0766,14.5148,50
47,8,50
50.0766,14.5148,50
47,8,50
50.0766,14.5148,50
47,8,50
50.0766,14.5148,50
47,8,50
47,8,50
50.0766,14.5148,50
47,8,50
50.0766,14.5148,50
47,8,50
50.0766,14.5148,50
47,8,50
50.0766,14.5148,50
47,8,50
50.0766,14.5148,50
47,8,50
47,8,50
47,8,50
47,8,50
47,8,50
47,8,50
47,8,50
47,8,50
47,8,50
48.1497,11.585,50
48.1497,11.585,50
47,8,50
48.1497,11.585,50
47,8,50
48.1497,11.585,50
47,8,50
48.1497,11.585,50
47,8,50
48.1497,11.585,50
47,8,50
48.1497,11.585,50
47,8,50
48.1497,11.585,50
47,8,50
48.1497,11.585,50
47,8,50
48.1497,11.585,50
47,8,50
48.1497,11.585,50
47,8,50
47,8,50
47,8,50
47,8,50
47,8,50
47,8,50
50.1155,8.6842,50
47,8,50
50.1155,8.6842,50
47,8,50
50.1155,8.6842,50
32.9657,-96.8825,200
32.9657,-96.8825,200
32.9657,-96.8825,200
29.9716,-94.0012,200
29.5942,-98.4591,200
